-- MySQL dump 10.13  Distrib 5.5.19, for osx10.6 (i386)
--
-- Host: localhost    Database: frontendtest
-- ------------------------------------------------------
-- Server version	5.5.19

/*!40101 SET @OLD_CHARACTER_SET_CLIENT=@@CHARACTER_SET_CLIENT */;
/*!40101 SET @OLD_CHARACTER_SET_RESULTS=@@CHARACTER_SET_RESULTS */;
/*!40101 SET @OLD_COLLATION_CONNECTION=@@COLLATION_CONNECTION */;
/*!40101 SET NAMES utf8 */;
/*!40103 SET @OLD_TIME_ZONE=@@TIME_ZONE */;
/*!40103 SET TIME_ZONE='+00:00' */;
/*!40014 SET @OLD_UNIQUE_CHECKS=@@UNIQUE_CHECKS, UNIQUE_CHECKS=0 */;
/*!40014 SET @OLD_FOREIGN_KEY_CHECKS=@@FOREIGN_KEY_CHECKS, FOREIGN_KEY_CHECKS=0 */;
/*!40101 SET @OLD_SQL_MODE=@@SQL_MODE, SQL_MODE='NO_AUTO_VALUE_ON_ZERO' */;
/*!40111 SET @OLD_SQL_NOTES=@@SQL_NOTES, SQL_NOTES=0 */;

--
-- Table structure for table `CoreTest`
--

DROP TABLE IF EXISTS `CoreTest`;
/*!40101 SET @saved_cs_client     = @@character_set_client */;
/*!40101 SET character_set_client = utf8 */;
CREATE TABLE `CoreTest` (
  `id` int(11) NOT NULL AUTO_INCREMENT,
  `class_name` varchar(255) NOT NULL,
  `package_name` varchar(255) DEFAULT NULL,
  `heading` varchar(2000) NOT NULL,
  `description` longtext,
  `extended_description` longtext,
  `more_details` longtext,
  `resources` longtext,
  `weight` smallint(6) DEFAULT NULL,
  `notes` varchar(2000) DEFAULT NULL,
  `run_by_default` tinyint(1) DEFAULT NULL,
  `enabled` tinyint(1) DEFAULT NULL,
  `print_line_numbers` tinyint(1) DEFAULT NULL,
  `print_details` tinyint(1) DEFAULT NULL,
  `created` datetime NOT NULL,
  `updated` datetime DEFAULT NULL,
  PRIMARY KEY (`id`)
) ENGINE=InnoDB AUTO_INCREMENT=51 DEFAULT CHARSET=latin1;
/*!40101 SET character_set_client = @saved_cs_client */;

--
-- Dumping data for table `CoreTest`
--

LOCK TABLES `CoreTest` WRITE;
/*!40000 ALTER TABLE `CoreTest` DISABLE KEYS */;
INSERT INTO `CoreTest` VALUES (1,'NotHtml5Doctype','HTML5','Site should be updated to HTML5, the new, evolving standard','If this is a site under development, versus a retired page of content, you probably want to make it HTML5 instead of %1%. This transition should be as easy as changing the doctype to `<!doctype html>`. \r\n\r\nIf you wish, you may also make the character encoding meta tag shorter. What had looked something like this:\r\n\r\n`<meta http-equiv=\"Content-Type\" content=\"text/html;charset=utf-8\" />`\r\n\r\nCan be replaced with this:\r\n\r\n`<meta charset=\"utf-8\">`\r\n\r\nAfter you make this change you\'ll want to run [HTML5 validation](http://html5.validator.nu/) against it. Here is a [direct link](http://html5.validator.nu/?doc=%url%) for running HTML5 validation against your site once you change the doctype.',NULL,NULL,NULL,99,'We only want to do this test if there is a doctype and it is first. Otherwise, DoctypeNotFirstElement is triggered.',1,1,0,0,'2007-01-01 00:00:00',NULL),(2,'Html5ElementsWOShim','HTML5','You must use a shim if you use new HTML5 elements and want to support current browsers','The <%new_element%> tag is introduced with HTML5 and is not recognized by Internet Explorer versions less than 9. Therefore it is recommended that you create those elements using JavaScript. There are several ways to populate the HTML5 elements for the browser. %resource_below_message%',NULL,NULL,'http://code.google.com/p/html5shim/',50,NULL,1,1,0,0,'2007-01-01 00:00:00',NULL),(3,'NoDoctype','HTML','No doctype provided','It\'s important to include a doctype declaration in your source so that browsers know what kind of document to expect. If you use the HTML5 doctype -- which we recommend -- this would be the first line of your document:\r\n\r\n`<!DOCTYPE html>`',NULL,NULL,NULL,80,NULL,1,1,0,0,'2007-01-01 00:00:00',NULL),(4,'DoctypeNotFirstElement','HTML','A doctype declaration should appear first in the HTML document','The doctype declaration\'s purpose is to tell browsers (and validation tools) what type of HTML document it is receiving. If you do not provide a doctype, or the doctype is not the first instruction in your document, browsers will render in [quirks mode](http://en.wikipedia.org/wiki/Quirks_mode). If you don\'t want to think about what that means, or maintain a site in quirks mode, we recommend using the HTML5 doctype:\r\n\r\n`<!DOCTYPE html>`\r\n\r\nThis doctype will render pages in \"standards mode\" for most browsers, and \"almost standards mode\" for older versions of Internet Explorer (6 and 7).',NULL,NULL,NULL,90,'We do this test instead of searching for the existence of a doctype, because this kills two birds with one stone. If this test is true, we don\'t want to return the \"nothtml5doctype\" test. Baby steps.',1,1,0,0,'2007-01-01 00:00:00',NULL),(5,'BrokenLink','HTML','Broken link found','%1%',NULL,NULL,NULL,9,'weight is deliberately low until this is better tested',1,1,0,0,'2007-01-01 00:00:00',NULL),(6,'GifsUsed','HTML','GIF images should be replaced with PNGs','%url% has %1% gifs with a total file size of %2%.\r\n\r\nThe image file format PNG was created to improve upon and replace GIF images; they compress better. Also, there are patent issues around using GIFs. We suggest PNG-8 for non-transparent images, PNG-24 for transparent images, and JPEG for photos.',NULL,NULL,NULL,10,'The weight of this issue should increase by the amount of gifs found. for now, there must be at least 3 gifs for us even bother alerting the user.',1,1,0,0,'2007-01-01 00:00:00',NULL),(7,'ScriptsInHead','Script','Javascript should be included at the bottom of the page, not in the head','There is a habit of putting script tags in the head of HTML documents, but scripts usually do not need to be loaded first, and they block content rendering. No more than two scripts can be download and parsed by a browser at once. You have %1% script elements in `<head>`. \r\n\r\nWe suggest putting scripts at the bottom of the page, before the close body tag. For Internet Explorer only, you have the option of adding defer=defer to the script tag.',NULL,NULL,NULL,25,'Modernizer note: It may be better to add the HTML5 shim separately from Modernizr, load Modernizr at the bottom of the page, and see if FOUT is a problem. Also, you might ask yourself if Modernizr is necessary for your site. Modernizr is an excellent way to polyfill HTML5, but if you\'re not really using it you might not want it to block your content.',1,1,0,0,'2007-01-01 00:00:00',NULL),(8,'ManyImagesFlag','HTML','A questionably large number of images (%1%) are used','Images are HTTP requests that slow down rendering and should be minimized. \r\n\r\nUnless your HTML document is something as primitive as an HTML email, images should not be used for layout. Replace corners, spacers, shadows, gradients...etc. with CSS.',NULL,NULL,NULL,8,'Very minor, but may indicate an area the site could optimize',1,1,0,0,'2007-01-01 00:00:00',NULL),(9,'JavascriptInHref','HTML','The JavaScript pseudo-protocol should not be used as the target of a link','The JavaScript pseudo-protocol, \"javascript:\", was found here:\r\n\r\n%1%\r\n\r\nSimply put, links should be links, not javascript. It\'s more appropriate to use the onClick event handler and to apply JavaScript to the click of an element. Better code would be:\r\n\r\n`<a href=\"/current_page.html\" onClick=\"doOnClick()\">`\r\n\r\nHowever, there is no reason for this element to be a link, especially since it behaves more like a button. I would use `<span>`, `<div>` or `<button>`, and apply a style that sets the cursor to pointer for that element, so that the user gets the visual cue that the element is clickable. \r\n\r\n`<div onClick=\"doOnClick()\" class=\"fauxButton\">`\r\n\r\nWe can improve on this a bit more, but the important short-term goal is replace \"javascript:\" in links.',NULL,'Here\'s [Jeremy Keith\'s simple argument against using the javascript pseudo-protocol](http://domscripting.com/book/sample/):\r\n\r\n^ \"This will work just fine in browsers that understand the javascript: pseudo-protocol. Older browsers, however, will attempt to follow the link and fail. Even in browsers that understand the pseudo-protocol, the link becomes useless if JavaScript has been disabled.\"',NULL,20,NULL,1,1,0,0,'2007-01-01 00:00:00',NULL),(10,'ImgAltAttributeMissing','HTML','Missing img alt attribute','Missing the alt attribute in an image may seem like a small thing, but it is important for accessibility as well as required. You should add alt text to the following:\r\n\r\n%1%',NULL,NULL,NULL,25,NULL,1,0,0,0,'2007-01-01 00:00:00',NULL),(11,'MissingImgHeightOrWidth','HTML','Images should have height and width set','Height and width are not officially required attributes for `<img>`. However, including them guarantees faster content download. That information also helps the browser determine the viewport space for the image, making the rendering visually smoother. We recommend adding the correct pixel dimensions to the following images found at %url%:\r\n\r\n%1%',NULL,NULL,NULL,30,NULL,1,0,0,0,'2007-01-01 00:00:00',NULL),(12,'BoldTags','HTML','Bold tags do not have much semantic meaning. Replace them with heading level or strong tags','This is a very minor issue. However, if you enclosed text with `<b>` because it is important text, it would be better to use `<strong>`; `<strong>` means important whereas `<b>` means \"visually disctinct from text that surrounds it.\"\r\n\r\nIf the text in question can be considered a headline, it\'s best to use a heading level tag: `<h1> ... <h6>`.\r\n\r\n%1%',NULL,NULL,NULL,9,NULL,1,0,0,0,'2007-01-01 00:00:00',NULL),(13,'ClassNameSameAsHtml5Element','HTML5','A class name that duplicates an HTML element name was found','This usually indicates that the markup can be more semantic. \r\n\r\n%1%',NULL,NULL,NULL,40,NULL,1,0,0,0,'2007-01-01 00:00:00',NULL),(14,'AmpersandUnescapedInLink','HTML','Ampersands (&) in links need to be converted to \"&amp;\" when written in HTML','When we write links in the body of our HTML document we need to convert \"&\" to \"&amp;\". (It is not necessary to do this otherwise: for example, when pasting into emails or browser location bars.) As attribute values for \"src\" and \"href\", plain ampersands are invalid. An unescaped ampersand was found here:\r\n\r\n%1%\r\n\r\nBrowsers usually interpret links with unescaped ampersands just fine. However, it\'s a bad practice and there are pitfalls. For example, if you wrote a query string like \"?copy1=test&copy2=test\" a browser might interpret this as \"?copy1=test©2.\"',NULL,NULL,NULL,20,NULL,1,NULL,NULL,NULL,'2007-01-01 00:00:00',NULL),(15,'CaseSensitivePublicIdIncorrect','HTML','Case-sensitive formal public id in doctype incorrect','This:\r\n\r\n`%1%`\r\n\r\nshould be:\r\n\r\n`%2%`',NULL,NULL,NULL,20,NULL,1,NULL,NULL,NULL,'2007-01-01 00:00:00',NULL),(16,'TitleElementMissing','HTML','You must include a title element in your HTML','Across all types of HTML documents, the title element is the only element that is always required.',NULL,'Side note: in HTML5 you may exclude the title element in certain other cases such as sending an HTML email when the subject is provided. Here is [more info on minimum HTML document requirements] (http://mathiasbynens.be/notes/minimal-html)',NULL,NULL,NULL,1,NULL,NULL,NULL,'2007-01-01 00:00:00',NULL),(17,'RequiredXhtmlElementNotFound','XHTML','When sending a page as XHTML, certain elements are required. %url% is missing at least one of these elements','Recommended suggestion: make the page HTML5 by replacing the doctype with \r\n\r\n`<!DOCTYPE html>`\r\n\r\nOtherwise add the missing XHTML element(s): \r\n\r\n`%1%%2%%3%%4%`',NULL,NULL,NULL,80,NULL,1,NULL,NULL,NULL,'2007-01-01 00:00:00',NULL),(18,'LargeSiteNoSitemap','HTML','In this case, it\'s probably a good idea to provide a sitemap.xml file','From [the Wikipedia article on Site_map](http://en.wikipedia.org/wiki/Site_map):\r\n\r\n\"a Sitemap is still the best insurance for getting a search engine to learn about your entire site\"',NULL,NULL,NULL,50,NULL,1,NULL,NULL,NULL,'2007-01-01 00:00:00',NULL),(19,'DefaultBodyCopyIllegible',NULL,'Body copy is difficult to read at current font size','Suggestion: increase the body copy font size or consider using a more legible font for small text. A general rule for digital type is that sans serif fonts are more legible than serif fonts at small sizes.',NULL,NULL,NULL,50,NULL,1,NULL,NULL,NULL,'2007-01-01 00:00:00',NULL),(20,'FontFaceNotBulletproof',NULL,'Font face included but not bulletproof','It is possible to support a custom web font for all modern browsers including Internet Explorer. Here\'s [Paul Irish\'s bulletproof syntax](http://paulirish.com/2009/bulletproof-font-face-implementation-syntax/).',NULL,NULL,NULL,53,'manual test for now',1,NULL,NULL,NULL,'2007-01-01 00:00:00',NULL),(21,'PercentUnusedStyles',NULL,'Styles created for unused elements','Suggestion: remove unused styles.',NULL,NULL,NULL,30,NULL,1,NULL,NULL,NULL,'2007-01-01 00:00:00',NULL),(22,'MetadataContentEmpty','HTML','Metadata content is empty','If the content is empty, you might as well remove the meta tag.\r\n\r\n%1%',NULL,NULL,NULL,10,NULL,1,NULL,NULL,NULL,'2007-01-01 00:00:00',NULL),(23,'ImgPixelSizeMismatch','Filedata','Image size set in HTML should match pixels in file','Check the following file(s) for incorrect sizing:\r\n\r\n%1%',NULL,NULL,NULL,50,NULL,1,NULL,NULL,NULL,'2007-01-01 00:00:00',NULL),(24,'ScriptBeforeCss','HTML','Stylesheet included after script in head','To make your site render faster, move CSS links to the top of the document head, before any scripts. Ideally, scripts would be moved to the bottom of the page.\r\n\r\n%1%',NULL,NULL,NULL,60,NULL,1,NULL,NULL,NULL,'2007-01-01 00:00:00',NULL),(25,'DuplicateElementsWhichShouldBeUnique','HTML','The %1% element cannot appear twice in an HTML document','%2%',NULL,NULL,NULL,80,NULL,1,NULL,NULL,NULL,'2007-01-01 00:00:00',NULL),(26,'TitleMayOnlyBeChildOfHead','HTML5','The title element may only appear within the head of the HTML document.','Your title is nested under %1%',NULL,NULL,NULL,70,NULL,1,NULL,NULL,NULL,'2007-01-01 00:00:00',NULL),(27,'InvalidElementInHead','HTML5','Element %1% not allowed in head',NULL,NULL,NULL,NULL,60,NULL,1,NULL,NULL,NULL,'2007-01-01 00:00:00',NULL),(28,'ImageHasSuspiciousNameFlag','CSS3','Image name indicates site design was built in an outdated fashion (pre-CSS3)',NULL,NULL,NULL,NULL,7,NULL,1,NULL,NULL,NULL,'2007-01-01 00:00:00',NULL),(29,'HasNestedTables','HTML','Table elements should be reserved for tabular data, and not used to build site layout','We suggest reducing and simplifying your front-end code with semantic HTML5 markup.',NULL,NULL,NULL,9,NULL,1,NULL,NULL,NULL,'2007-01-01 00:00:00',NULL),(30,'FaviconMissing','HTML','No favicon included','Favicons are 16x16 pixel images that appear in browsers next to location bars, bookmarks and tabs. They improve the user experience and they are easy to make. To create a favicon you can use an [online tool](http://www.favicon.cc/) or install a [Photoshop plugin](http://www.telegraphics.com.au/sw/). Name the file favicon.ico, put it in your root web directory, and add the following to the `<head>` element of your HTML:\r\n\r\n`<link rel=\"icon\" type=\"image/x-icon\" href=\"/favicon.ico\">`',NULL,NULL,NULL,30,NULL,1,NULL,NULL,NULL,'2007-01-01 00:00:00',NULL),(31,'RequiredTagAttributePairMissing','HTML','%2% is a required attribute for the %1% element',NULL,NULL,NULL,NULL,35,NULL,1,NULL,NULL,NULL,'2007-01-01 00:00:00',NULL),(32,'DeprecatedElement','HTML','\"%1%\" is a deprecated HTML4 element and should be replaced with %2%','%3%',NULL,NULL,NULL,33,NULL,1,NULL,NULL,NULL,'2007-01-01 00:00:00',NULL),(33,'CssOutsideOfHead','HTML','Styles should be included in <head>','We found linked or inline styles outside of the head tag:\r\n\r\n%1%\r\n\r\nIf you put your stylesheets at the top of your document, within the `<head>` tag, your web site will appear to be faster because it will render progressively. Here\'s [more info from Yahoo!](http://developer.yahoo.com/performance/rules.html#css_top).',NULL,NULL,NULL,30,NULL,1,NULL,NULL,NULL,'2007-01-01 00:00:00',NULL),(34,'ManyInlineStylesFlag','HTML','Inline styles should be avoided; %1% inline styles detected','While you may have a good reason to write styles inline using the \"style\" attribute, generally it is not a good practice. It makes bloated code, styles are not re-usable, styling has too much specificity...etc. We only make this suggestion when the sum of inline styles has reached a suspicious threshold (>%2%), and we suggest identifying common styles and them in a style sheet. When you need to update or change your styles, you will thank us.',NULL,NULL,NULL,20,NULL,1,NULL,NULL,NULL,'2007-01-01 00:00:00',NULL),(35,'BrokenImage','HTML','Broken image found','%1%',NULL,NULL,NULL,51,NULL,1,NULL,NULL,NULL,'2007-01-01 00:00:00',NULL),(36,'GraphicsOfText',NULL,'Text should not be made with graphics','There are many reasons why it is a bad idea to make graphics of text. Graphics make pages slow; by using graphics you are adding http requests and files that need to be downloaded. Also, graphics cannot be changed as easily as text; you must have image editing software, the font installed on your system, recall the previous optimization settings, export files, upload files to web servers...etc. Graphics of text can be very difficult to change; impossible perhaps, if originally produced by an external entity.\r\n\r\nThere are few remaining reasons why you would want to make the extra effort of converting text in graphics. One is branding. Does your brand require you to use a specific font? In that case we suggest using the CSS feature @font-face which is supported by all modern browsers. Font files are heavy -- about 50K -- but if you are required to use a custom font, it is usually the best solution. Here are instructions for [a bulletproof implementation of font-face](http://paulirish.com/2009/bulletproof-font-face-implementation-syntax/).',NULL,'Once loaded, a web font can be reused anywhere on your site without a performance hit.',NULL,80,NULL,1,NULL,NULL,NULL,'2007-01-01 00:00:00',NULL),(37,'StaleCopyright',NULL,'Copyright is out-of-date','%1%',NULL,NULL,NULL,12,NULL,1,NULL,NULL,NULL,'2007-01-01 00:00:00',NULL),(38,'CommentsBeforeDoctype',NULL,'Comments before doctype can make some browsers render in quirks mode',NULL,NULL,NULL,NULL,9,NULL,1,NULL,NULL,NULL,'2007-01-01 00:00:00',NULL),(39,'HasHtml5ElementWODoctype','HTML5','If you elements introduced with HTML5, you should used the HTML5 doctype','%1% is an HTML5 element.\r\n\r\n%2%',NULL,NULL,NULL,30,NULL,1,NULL,NULL,NULL,'2007-01-01 00:00:00',NULL),(40,'HasDocumentWrite','HTML','document.write() should not be used',NULL,NULL,NULL,NULL,9,NULL,1,NULL,NULL,NULL,'2007-01-01 00:00:00',NULL),(41,'DeprecatedAttributeOptimized','HTML','\"%1%\" is a deprecated HTML4 attribute for <%2%>','%3%\r\n\r\nWe suggest you use an HTML validator to discover and replace deprecated attributes. Here are a couple options:\r\n\r\n[W3C Markup Validation Service](http://validator.w3.org/)\r\n\r\n[Validator.nu (X)HTML5 Validator](http://html5.validator.nu/)',NULL,NULL,NULL,9,NULL,1,NULL,NULL,NULL,'2007-01-01 00:00:00',NULL),(43,'LargeScriptNotMinified','Filedata','Minify scripts to improve web site performance','The following %1%KB script should have whitespace removed:\r\n\r\n%2%',NULL,NULL,NULL,33,NULL,1,NULL,NULL,NULL,'2007-01-01 00:00:00',NULL),(44,'LargeStylesheetNotMinified','Filedata','Minify CSS to improve web site performance','The following %1%KB stylesheet should have whitespace removed: \r\n\r\n%2%',NULL,NULL,NULL,33,NULL,1,NULL,NULL,NULL,'2007-01-01 00:00:00',NULL),(45,'IsHtml5HasXhtmlCloseTags','HTML5','XHTML close tags \" />\" can be removed from HTML5 document','They are harmless, but if you\'d like to reduce and clean up your code a bit, you can remove XHTML close tags from %1% elements.',NULL,NULL,NULL,5,NULL,1,NULL,NULL,NULL,'2007-01-01 00:00:00',NULL),(46,'DuplicateId','HTML','Duplicate ID%2% found','IDs must be unique to an HTML document. Please correct the following duplicate ID%2%:\r\n\r\n%1%',NULL,NULL,NULL,70,NULL,1,NULL,NULL,NULL,'2007-01-01 00:00:00',NULL),(47,'IncorrectImagePixelSize','Filedata','Height and/or width set incorrectly for image%2%','The height and width attributes of the `<img>` element should match the pixel dimensions of the graphic, or the graphic should be resized to match the height and width set in the HTML. \r\n\r\nIf a graphic is bigger than the assigned image attributes, you\'re showing the user less than they are downloading. If the graphic is smaller than what is assigned, then the image will scale up and look pixelated. In any case, when web browsers resize images, it does not look ideal.\r\n\r\n%1%',NULL,NULL,NULL,45,NULL,1,NULL,NULL,NULL,'2007-01-01 00:00:00',NULL),(48,'LocalJQueryLink','Script','Use shared, hosted JQuery script for the caching benefits',NULL,NULL,NULL,NULL,15,NULL,0,NULL,NULL,NULL,'2007-01-01 00:00:00',NULL),(49,'UnusuallyLargeFile','Filedata','Site loads an unusually large resource','We suggest you consider reducing the file size%2% of the following large resource%2%:\r\n\r\n%1%',NULL,NULL,NULL,35,NULL,0,NULL,NULL,NULL,'2007-01-01 00:00:00',NULL),(50,'ScriptTagHasType','Script','Type attribute in script element is unnecessary: javascript is always assumed','This is a trivial issue, but if you\'d like to reduce and clean up your code a bit, you can remove \"type=text/javascript\" from %1% elements.',NULL,NULL,NULL,7,NULL,1,NULL,NULL,NULL,'2007-01-01 00:00:00',NULL);
/*!40000 ALTER TABLE `CoreTest` ENABLE KEYS */;
UNLOCK TABLES;

--
-- Table structure for table `FtRequest`
--

DROP TABLE IF EXISTS `FtRequest`;
/*!40101 SET @saved_cs_client     = @@character_set_client */;
/*!40101 SET character_set_client = utf8 */;
CREATE TABLE `FtRequest` (
  `id` int(11) NOT NULL AUTO_INCREMENT,
  `email` varchar(255) NOT NULL,
  `url` varchar(1000) NOT NULL,
  `ip` varchar(16) DEFAULT NULL,
  `environment` varchar(200) DEFAULT NULL,
  `notes` varchar(1000) DEFAULT NULL,
  `updates_req` tinyint(1) DEFAULT NULL,
  `moretests_req` tinyint(1) DEFAULT NULL,
  `type` varchar(4) NOT NULL,
  `created` datetime NOT NULL,
  `updated` datetime DEFAULT NULL,
  `delivered` datetime DEFAULT NULL,
  `report_summary` varchar(1000) DEFAULT NULL,
  `ft_score_a` smallint(6) DEFAULT NULL,
  `ft_score_b` smallint(6) DEFAULT NULL,
  PRIMARY KEY (`id`)
) ENGINE=InnoDB AUTO_INCREMENT=21 DEFAULT CHARSET=latin1;
/*!40101 SET character_set_client = @saved_cs_client */;

--
-- Dumping data for table `FtRequest`
--

LOCK TABLES `FtRequest` WRITE;
/*!40000 ALTER TABLE `FtRequest` DISABLE KEYS */;
INSERT INTO `FtRequest` VALUES (1,'ross.mcfarland@madefire.com','http://www.madefire.com',NULL,NULL,NULL,0,1,'FREE','2012-04-10 09:13:00',NULL,'2012-04-23 15:36:54','The reviewed front-end code is excellent. However, you may want to consider making the following improvements, listed in order of priority.',30,NULL),(2,'sharleen@bhnc.com','http://www.bhnc.com',NULL,NULL,NULL,NULL,1,'FREE','2012-04-10 22:10:37',NULL,NULL,'The reviewed front-end code can be much improved. We strongly suggest making the following improvements, listed in order of priority.',42,NULL),(3,'ann@bhnc.com','http://htmlhive.com/resume/',NULL,NULL,NULL,0,1,'FREE','2012-04-15 19:13:00',NULL,NULL,NULL,NULL,NULL),(4,'ann@bhnc.com','http://www.prosper.com/',NULL,NULL,NULL,0,1,'FREE','2012-04-15 19:30:00',NULL,NULL,NULL,NULL,NULL),(5,'ann@htmlhive.com','http://htmlhive.com/resume/',NULL,NULL,NULL,NULL,NULL,'FREE','2012-04-15 19:30:45',NULL,NULL,NULL,NULL,NULL),(6,'ann@bhnc.com','http://www.alistapart.com/articles/betterliving/',NULL,NULL,NULL,0,0,'FREE','2007-01-01 00:00:00',NULL,'2012-04-20 17:21:18',NULL,NULL,NULL),(7,'ann@bhnc.com','http://www.madefire.com',NULL,NULL,NULL,0,0,'FREE','2007-01-01 00:00:00',NULL,NULL,'The reviewed front-end code is very good. However, you may want to consider making these improvements, listed in order of priority.',21,NULL),(8,'ann@bhnc.com','http://www.hireart.com',NULL,NULL,NULL,0,0,'FREE','2007-01-01 00:00:00',NULL,'2012-04-20 18:16:11','The reviewed front-end code can be much improved. We strongly suggest making the following improvements, listed in order of priority.',50,NULL),(9,'ann@bhnc.com','http://localhost/tests/test-h.html',NULL,NULL,NULL,0,0,'FREE','2007-01-01 00:00:00',NULL,'2012-04-23 15:33:22','Thank you for using FrontendTest. We have reviewed the site you submitted and we have discovered that the front-end code can be much improved. We strongly suggest making the following improvements, listed in order of priority.',61,NULL),(10,'ann@bhnc.com','http://www.moesbooks.com',NULL,NULL,NULL,NULL,NULL,'FREE','2007-01-01 00:00:00',NULL,NULL,'The reviewed front-end code can be much improved. We strongly suggest making the following improvements, listed in order of priority.',56,NULL),(11,'ann@bhnc.com','http://www.goldstar.com',NULL,NULL,NULL,NULL,NULL,'FREE','2007-01-01 00:00:00',NULL,NULL,'Thank you for using FrontendTest. We have reviewed the site you submitted and we have discovered that the front-end code is nearly perfect!! (Who are you?!) However, you may want to consider making the following improvements, listed in order of priority.',5,NULL),(12,'ann@bhnc.com','http://www.htmlhive.com/resume/',NULL,NULL,NULL,NULL,NULL,'FREE','2012-04-24 09:08:09',NULL,NULL,'Thank you for using FrontendTest. We have reviewed the site you submitted and we have discovered that the front-end code is excellent! However, you may want to consider making the following improvements, listed in order of priority.',15,NULL),(13,'ann@htmlhive.com','http://www.htmlhive.com/resume/',NULL,NULL,NULL,NULL,NULL,'FREE','2012-04-24 09:08:49',NULL,NULL,'Thank you for using FrontendTest. We have reviewed the site you submitted and we have discovered that the front-end code is excellent! However, you may want to consider making the following improvements, listed in order of priority.',14,NULL),(14,'ann@htmlhive.com','http://www.htmlhive.com/resume/',NULL,NULL,NULL,NULL,NULL,'FREE','2012-04-24 09:32:09',NULL,NULL,'Thank you for using FrontendTest. We have reviewed the site you submitted and we have discovered that the front-end code is excellent! However, you may want to consider making the following improvements, listed in order of priority.',15,NULL),(15,'ann@htmlhive.com','http://www.htmlhive.com/resume/',NULL,NULL,NULL,NULL,NULL,'FREE','2012-04-24 09:32:16',NULL,NULL,'Thank you for using FrontendTest. We have reviewed the site you submitted and we have discovered that the front-end code is excellent! However, you may want to consider making the following improvements, listed in order of priority.',14,NULL),(16,'ann@htmlhive.com','http://www.htmlhive.com/resume/',NULL,NULL,NULL,NULL,NULL,'FREE','2012-04-24 09:32:32',NULL,NULL,'Thank you for using FrontendTest. We have reviewed the site you submitted and we have discovered that the front-end code is excellent! However, you may want to consider making the following improvements, listed in order of priority.',14,NULL),(17,'ann@bhnc.com','http://www.htmlhive.com/resume/',NULL,NULL,NULL,NULL,NULL,'FREE','2012-04-24 09:55:39',NULL,NULL,'Thank you for using FrontendTest. We have reviewed the site you submitted and we have discovered that the front-end code is excellent! However, you may want to consider making the following improvements, listed in order of priority.',15,NULL),(18,'ann@htmlhive.com','http://www.htmlhive.com/resume/',NULL,NULL,NULL,NULL,NULL,'FREE','2012-04-24 09:57:19',NULL,NULL,'Thank you for using FrontendTest. We have reviewed the site you submitted and we have discovered that the front-end code is excellent! However, you may want to consider making the following improvements, listed in order of priority.',15,NULL),(19,'ann@bhnc.com','http://www.htmlhive.com/resume/',NULL,NULL,NULL,NULL,NULL,'FREE','2012-04-24 09:58:05',NULL,NULL,'Thank you for using FrontendTest. We have reviewed the site you submitted and we have discovered that the front-end code is excellent! However, you may want to consider making the following improvements, listed in order of priority.',14,NULL),(20,'ann@bhnc.com','http://www.htmlhive.com/resume/',NULL,NULL,NULL,NULL,NULL,'FREE','2012-04-24 10:01:46',NULL,NULL,NULL,NULL,NULL);
/*!40000 ALTER TABLE `FtRequest` ENABLE KEYS */;
UNLOCK TABLES;

--
-- Table structure for table `TestResult`
--

DROP TABLE IF EXISTS `TestResult`;
/*!40101 SET @saved_cs_client     = @@character_set_client */;
/*!40101 SET character_set_client = utf8 */;
CREATE TABLE `TestResult` (
  `id` int(11) NOT NULL AUTO_INCREMENT,
  `ft_request_id` int(11) NOT NULL,
  `kind` varchar(255) DEFAULT NULL,
  `class_name` varchar(255) DEFAULT NULL,
  `version` varchar(4) DEFAULT NULL,
  `heading` varchar(3000) NOT NULL,
  `body` longtext,
  `weight` smallint(6) DEFAULT NULL,
  PRIMARY KEY (`id`),
  KEY `IDX_DA7D8D62CC9C00BB` (`ft_request_id`),
  CONSTRAINT `FK_DA7D8D62CC9C00BB` FOREIGN KEY (`ft_request_id`) REFERENCES `FtRequest` (`id`)
) ENGINE=InnoDB AUTO_INCREMENT=293 DEFAULT CHARSET=latin1;
/*!40101 SET character_set_client = @saved_cs_client */;

--
-- Dumping data for table `TestResult`
--

LOCK TABLES `TestResult` WRITE;
/*!40000 ALTER TABLE `TestResult` DISABLE KEYS */;
INSERT INTO `TestResult` VALUES (1,1,NULL,NULL,NULL,'Scripts should be included at the bottom of the page, not in the head','It may be better to add the HTML5 shim separately from Modernizr, load Modernizr at the bottom of the page, and see if FOUT is a problem. \r\n\r\nAlso, you might ask yourself if Modernizr is necessary for your site. Modernizr is an excellent way to polyfill HTML5, but if you\'re not really using it you might not want it to block your content.',25),(2,1,NULL,NULL,NULL,'Body copy is difficult to read at current font size','Suggestion: increase the body copy font size or consider using a font that is more legible at smaller point sizes.',50),(3,1,NULL,NULL,NULL,'Links cannot be accurately selected in mobile view','We suggest using media queries to make links larger and wider-spaced for mobile. The fingertap guideline is 44px.',40),(4,1,NULL,NULL,NULL,'IE version of web font not included','To support web fonts in Internet Explorer all you need to do is 1) include an .eot font and 2) add an additional CSS declaration. Here\'s [Paul Irish\'s bulletproof syntax](http://paulirish.com/2009/bulletproof-font-face-implementation-syntax/).',55),(5,1,NULL,NULL,NULL,'17% of stylesheet /css/dedb495.css is not used for %url%','Suggestion: remove unused styles.',50),(6,1,NULL,NULL,NULL,'Missing img alt attribute','Missing the alt attribute in an image may seem like a small thing, but it is very important for accessibility, and it is required.',16),(7,1,NULL,NULL,NULL,'Metadata content is empty','`<meta name=\"author\" content=\"\">`\r\n\r\n`<meta name=\"description\" content=\"\">`',15),(8,1,NULL,NULL,NULL,'\"Story-tellers\" misspelled with em dash','This is a minor issue. However, the word story-teller will not be properly indexed by search engines. We recommend using CSS to achieve the desired look.',18),(9,1,NULL,NULL,NULL,'Logo does not have a consistent appearance across browsers','The site logo is made with a web font. It\'s an advanced idea, and I commend you for it. However, you will not be able to control the way the logo looks across web browsers. For branding reasons, you may want to make the logo a graphic.',30),(10,1,NULL,NULL,NULL,'HTTP requests unnecessary','Since %url% is a single-page web site, the benefit of external CSS and scripts is lost. The HTTP requests may not be worth the performance hit in this case.',15),(11,1,NULL,NULL,NULL,'Single quotes, double quotes, and no quotes are used for attribute values','Suggestion: be consistent and use double quotes.',7),(12,1,NULL,NULL,NULL,'HTML5 element does not need XHTML close tag','`<img src=\"img/madefire-m.png\" width=67 height=50 />`\r\n\r\ncan be \r\n\r\n`<img src=\"img/madefire-m.png\" width=67 height=50>`',7),(59,3,'HTML','FaviconMissing',NULL,'No favicon included','Favicons are 16 x 16 pixel images that appear in browsers next to location bars, bookmarks and tabs. They improve the user experience, they are easy to make, and they are cute.',30),(118,5,'Script','ScriptsInHead',NULL,'Scripts should be included at the bottom of the page, not in the head','There is a habit of putting script links in the head of HTML documents. Scripts usually do not need to be loaded first and they block content rendering.\r\n\r\nScripts block in a special way, unlike stylesheets, and no more than two can be download and parsed at once. You have 2 scripts linked in the head. \r\n\r\nWe suggest putting scripts at the bottom of the page, before the close body tag. For Internet Explorer only, you can also add defer=defer to the script tag.',70),(119,5,'HTML','AmpersandUnescapedInLink',NULL,'Ampersands (&) in links need to be converted to \"&amp;\" when written in HTML','When we write links in the body of our HTML document we need to convert \"&\" to \"&amp;\". (It is not necessary to do this otherwise: for example, when pasting into emails or browser location bars.) As attribute values for \"src\" and \"href\", plain ampersands are invalid. An unescaped ampersand was found here:\r\n\r\n`http://www.google.com/url?sa=t&rct=j&q=whine-o-meter&source=web&cd=2 &ved=0CCIQFjAB&url=http%3A%2F%2Fitunes.apple.com%2Fus%2Fapp%2Fwhine -o-meter%2Fid348828301%3Fmt%3D8&ei=kNimTorXJMWwiQLG1pzODQ&usg=AFQjC NGXE2GptBmXYc6QCL4UFraGQkbPXg&cad=rja`\r\n\r\nBrowsers usually interpret links with unescaped ampersands just fine. However, it\'s a bad practice and there are pitfalls. For example, if you wrote a query string like \"?copy1=test&copy2=test\" a browser might interpret this as \"?copy1=test©2.\"',20),(120,5,'HTML','FaviconMissing',NULL,'No favicon included','Favicons are 16x16 pixel images that appear in browsers next to location bars, bookmarks and tabs. They improve the user experience and they are easy to make. To create a favicon you can use an [online tool](http://www.favicon.cc/) or install a [Photoshop plugin](http://www.telegraphics.com.au/sw/). Name the file favicon.ico, put it in your root web directory, and add the following to your html head:\r\n\r\n`<link rel=\"icon\" type=\"image/x-icon\" href=\"/favicon.ico\" />`',30),(121,5,'HTML','HasDocumentWrite',NULL,'document.write() should not be used',NULL,9),(122,4,'HTML','GifsUsed',NULL,'GIF images should be replaced with PNGs','%url% has 5 gifs with a total file size of 51.98KB.\r\n\r\nPNG images compress better and there are patent issues around using GIFs. We suggest PNG-8 for non-transparent images, PNG-24 for transparent images, and JPEG for photos.',10),(123,4,'Script','ScriptsInHead',NULL,'Scripts should be included at the bottom of the page, not in the head','There is a habit of putting script links in the head of HTML documents. Scripts usually do not need to be loaded first and they block content rendering.\r\n\r\nScripts block in a special way, unlike stylesheets, and no more than two can be download and parsed at once. You have 6 scripts linked in the head. \r\n\r\nWe suggest putting scripts at the bottom of the page, before the close body tag. For Internet Explorer only, you can also add defer=defer to the script tag.',70),(124,4,'HTML','ManyImagesFlag',NULL,'A questionably large number of images (15) used','Images are HTTP requests that slow down rendering and should be minimized. \r\n\r\nUnless your HTML document is something as primitive as an HTML email, images should not be used for layout. Replace corners, spacers, shadows, gradients...etc. with CSS.',8),(125,4,'HTML','JavascriptInHref',NULL,'The JavaScript pseudo-protocol should not be used at the target of a link','Found the JavaScript pseudo-protocol \"javascript:\" on the following lines:\r\n\r\n`<a href=\"javascript:launchRemote(\'https://www.prosper.com/security/thaw te_verified.aspx\',\'thawte_popup\',\'370\',\'800\')\"> <img src=\"/Images/p artners/thawte/ssl_valid_english_vB1.gif\"></a>`  \n\r\r\n\r\nSimply put, links should be links, not javascript. It\'s more appropriate to use the onClick event handler and to apply JavaScript to the click of an element. Better code would be:\r\n\r\n`<a href=\"/current_page.html\" onClick=\"doOnClick()\">`\r\n\r\nHowever, there is no reason for this element to be a link, especially since it behaves more like a button. I would use `<span>`, `<div>` or `<button>`, and apply a style that sets the cursor to pointer for that element, so that the user gets the visual cue that the element is clickable. \r\n\r\n`<div onClick=\"doOnClick()\" class=\"fauxButton\">`\r\n\r\nWe can improve on this a bit more, but the important short-term goal is replace \"javascript:\" in links.',20),(126,4,'HTML','ImgAltAttributeMissing',NULL,'Missing img alt attribute','Missing the alt attribute in an image may seem like a small thing, but it is important for accessibility as well as required. You should add alt text to the following:\r\n\r\n`<img src=\"http://www.prosper.com/prm/images/blue2011/invest-returns-chart 120118.png\">`  \n\r`<img src=\"/Images/pages/home/homepage/individual_loans_animation_draft_v1 .gif\">`  \n\r`<img src=\"/Images/pages/home/homepage/promo-icon-quote.png\">`  \n\r`<img src=\"/Images/pages/home/homepage/promo-icon-earn-100.png\">`  \n\r`<img src=\"/Images/pages/home/homepage/featured-in.png\">`  \n\r`<img src=\"/Images/partners/thawte/ssl_valid_english_vB1.gif\">`  \n\r`<img src=\"/images/partners/truste/finalmark.gif\">`  \n\r',25),(127,4,'HTML','MissingImgHeightOrWidth',NULL,'Images should have height and width set','Height and width are not officially required attributes for `<img>`. However, including those attributes guarantees faster content download. That information also helps the browser determine the viewport space for the image, making rendering smoother. We recommend adding the correct pixel dimensions to the following images found at %url%:\r\n\r\n`<img src=\"/prm/images/promo/promo_prospective_investors_anim_2012-4-13.gi f\" alt=\"More Reasons to Invest\">`  \n\r`<img src=\"http://www.prosper.com/prm/images/blue2011/invest-returns-chart 120118.png\">`  \n\r`<img src=\"/Images/pages/home/homepage/individual_loans_animation_draft_v1 .gif\">`  \n\r`<img src=\"/Images/pages/home/homepage/promo-icon-quote.png\">`  \n\r`<img src=\"/Images/pages/home/homepage/promo-icon-earn-100.png\">`  \n\r`<img src=\"/Images/pages/home/homepage/featured-in.png\">`  \n\r`<img src=\"/Images/partners/thawte/ssl_valid_english_vB1.gif\">`  \n\r`<img src=\"/images/partners/truste/finalmark.gif\">`  \n\r',30),(128,4,'HTML5','ClassNameSameAsHtml5Element',NULL,'An element has a class name that is also the name of an HTML5 or HTML tag. This indicates that the element can be replaced with a more semantic tag','`(530) <div id=\"M_divFooter\" class=\"footer\">\r`  \n\r`(62) <div class=\"header\">\r`  \n\r',20),(129,4,'HTML','ManyInlineStylesFlag',NULL,'10 inline styles detected','While you may have a good reason to write styles inline using the \"style\" attribute, generally it is not a good practice. It makes bloated code, styles are not re-usable, styling has too much specificity...etc. We only make this suggestion when the sum of inline styles has reached a suspicious threshold (>8), and we suggest identifying common styles and them in a style sheet. When you need to update or change your styles, you will thank us.',20),(130,4,'HTML','HasDocumentWrite',NULL,'document.write() should not be used',NULL,9),(131,4,'HTML','DeprecatedAttributeOptimized',NULL,'\"align\" is a deprecated HTML4 attribute in div','`<div align=\"center\">`\r\n\r\nWe suggest you use an HTML validator to discover and replace deprecated attributes. \r\n\r\n[W3C Markup Validation Service](http://validator.w3.org/)\r\n[Validator.nu (X)HTML5 Validator](http://html5.validator.nu/)',9),(132,4,'HTML','LargeScriptNotMinified',NULL,'Minify scripts to improve web site performance','The following 45.21KB script could have whitespace removed.\r\n\r\n`(21) <script src=\"/script/javascript.js?v=201204021715\" type=\"text/javascript\"></script>`  \n\r',33),(133,4,'HTML','LargeScriptNotMinified',NULL,'Minify scripts to improve web site performance','The following 45.21KB script could have whitespace removed:\r\n\r\n`(21) <script src=\"/script/javascript.js?v=201204021715\" type=\"text/javascript\"></script>`  \n\r',33),(134,4,'HTML','LargeStylesheetNotMinified',NULL,'Minify CSS to improve web site performance','The following 119.19KB style sheet could have whitespace removed: `<link rel=\"stylesheet\" type=\"text/css\" href=\"/static/css/style.css?v=201204021715\">`  \n\r',33),(150,6,'HTML5','NotHtml5Doctype',NULL,'Site should be updated to HTML5, the evolving new standard','If this is a site under development, versus a retired page of content, you probably want to make it HTML5 instead of XHTML 1.0 Transitional. This transition should be as easy as changing the doctype to `<!doctype html>`. \r\n\r\nIf you wish, you may also make the character encoding meta tag shorter. What had looked something like this:\r\n\r\n`<meta http-equiv=\"Content-Type\" content=\"text/html;charset=utf-8\" />`\r\n\r\nCan be replaced with this:\r\n\r\n`<meta charset=\"utf-8\">`\r\n\r\nAfter you make this change you\'ll want to run [HTML5 validation](http://html5.validator.nu/) against it. Here is a [direct link](http://html5.validator.nu/?doc=%url%) for running HTML5 validation against your site once you change the doctype.',99),(151,6,'HTML','GifsUsed',NULL,'GIF images should be replaced with PNGs','%url% has 4 gifs with a total file size of 14.49KB.\r\n\r\nPNG images compress better and there are patent issues around using GIFs. We suggest PNG-8 for non-transparent images, PNG-24 for transparent images, and JPEG for photos.',10),(152,6,'HTML','ImgAltAttributeMissing',NULL,'Missing img alt attribute','Missing the alt attribute in an image may seem like a small thing, but it is important for accessibility as well as required. You should add alt text to the following:\r\n\r\n`<img src=\"/pix/eoai.gif\" alt=\"\" id=\"eoai\">`  \n\r',25),(153,6,'HTML','BoldTags',NULL,'Bold tags do not have much semantic meaning. Replace them with heading level or strong tags','This is a very minor issue. However, if you enclosed text with `<b>` because it is important text, it would be better to use `<strong>`; `<strong>` means important whereas `<b>` means \"visually disctinct from text that surrounds it.\"\r\n\r\nIf the text in question can be considered a headline, it\'s best to use a heading level tag: `<h1> ... <h6>`.\r\n\r\n`(57) <b>15, 2002</b>`  \n\r`(468) <b>1534-0295</b>`  \n\r',9),(154,6,'HTML','HasDocumentWrite',NULL,'document.write() should not be used',NULL,9),(155,6,'HTML','DeprecatedAttributeOptimized',NULL,'\"border\" is a deprecated HTML4 attribute for <img>','`<img src=\"/d/betterliving/ie6.gif\" width=\"404\" height=\"104\" border=\"0\" alt=\"IE6 mangles menu bar.\" title=\"IE6 mangles menu bar.\" />`\r\n\r\nWe suggest you use an HTML validator to discover and replace deprecated attributes. Here are a couple options:\r\n\r\n[W3C Markup Validation Service](http://validator.w3.org/)\r\n\r\n[Validator.nu (X)HTML5 Validator](http://html5.validator.nu/)',9),(174,7,'HTML','ImgAltAttributeMissing',NULL,'Missing img alt attribute','Missing the alt attribute in an image may seem like a small thing, but it is important for accessibility as well as required. You should add alt text to the following:\r\n\r\n`(1) <img src=\"img/madefire-m.png\" width=\"67\" height=\"50\">`  \n\r',25),(175,7,'HTML','AmpersandUnescapedInLink',NULL,'Ampersands (&) in links need to be converted to \"&amp;\" when written in HTML','When we write links in the body of our HTML document we need to convert \"&\" to \"&amp;\". (It is not necessary to do this otherwise: for example, when pasting into emails or browser location bars.) As attribute values for \"src\" and \"href\", plain ampersands are invalid. An unescaped ampersand was found here:\r\n\r\n`mailto:contact@madefire.com?subject=Newsletter%20Signup&body=Plea se%20sign%20me%20up%20for%20the%20Madefire%20newsletter. `\r\n\r\nBrowsers usually interpret links with unescaped ampersands just fine. However, it\'s a bad practice and there are pitfalls. For example, if you wrote a query string like \"?copy1=test&copy2=test\" a browser might interpret this as \"?copy1=test©2.\"',20),(176,7,'HTML','MetadataContentEmpty',NULL,'Metadata content is empty','If the content is empty, you might as well remove the meta tag.\r\n\r\n`(1) <meta name=\"description\" content=\"\">`  \n\r`(1) <meta name=\"author\" content=\"\">`  \n\r',10),(177,7,'HTML','FaviconMissing',NULL,'No favicon included','Favicons are 16x16 pixel images that appear in browsers next to location bars, bookmarks and tabs. They improve the user experience and they are easy to make. To create a favicon you can use an [online tool](http://www.favicon.cc/) or install a [Photoshop plugin](http://www.telegraphics.com.au/sw/). Name the file favicon.ico, put it in your root web directory, and add the following to the `<head>` element of your HTML:\r\n\r\n`<link rel=\"icon\" type=\"image/x-icon\" href=\"/favicon.ico\">`',30),(178,7,'HTML','DeprecatedAttributeOptimized',NULL,'\"width\" is a deprecated HTML4 attribute for <!doctype>','`<!doctype html> <!--[if lt IE 7]><html class=\"no-js lt-ie9 lt-ie8 lt-ie7\" lang=en><![endif]--> <!--[if IE 7]><html class=\"no-js lt-ie9 lt-ie8\" lang=en><![endif]--> <!--[if IE 8]><html class=\"no-js lt-ie9\" lang=en><![endif]--> <!--[if gt IE 8]><!--> <html class=\"no-js lt-ie9\" lang=en> <!--<![endif]--> <head> <meta charset=utf-8> <title>Madefire</title> <meta name=description content=\"\"> <meta name=author content=\"\"> <meta name=viewport content=\"width=device-width,initial-scale=1\"> <link rel=stylesheet href=\'css/dedb495.css\'> <script src=\"js/libs/modernizr-2.0.6.min.js\"></script> </head> <body> <header> <div class=col1> <ul> <li><a href=\"mailto:contact@madefire.com?subject=Newsletter%20Signup&body=Please%20sign%20me%20up%20for%20the%20Madefire%20newsletter.\">Newsletter</a></li> <li><a href=\"mailto:contact@madefire.com\">Contact</a></li> </ul> </div> <div class=col2> <img src=\"img/madefire-m.png\" width=67 height=50 /> Madefire </div> <div class=col3> <span class=quote>&#8220;This tool will empower the next wave of storytelling.&#8221;</span> <span class=attribution>Toni Schneider CEO Automattic</span> </div> </header> <div id=main role=main> <div id=hero> <div id=hiring> <a href=\"http://madefire.jobscore.com/\" target=_blank>We\'re Hiring</a> </div> <h1>Calling all story&#8212;tellers</h1> </div> <div id=story> <div class=col1> <p><strong>Madefire:</strong> Long ago we drew down fire from the heavens, lit up our caves with life-giving flames, and set about documenting the story of Us on those rough-hewn walls in ochre daubs.</p> <p>Here is where \'the story\' in picture form began, here is where we first captured the startling imagery our imaginations afforded us, birthing worlds and realms peopled by beings that did not exist.</p> <p>The story grew.</p> <p>Through the ages of man we raised physical and literary temples in the name of our ever-evolving imaginative prowess. We lived, and live still, surrounded by and within our dreamings.</p> </div> <div class=col2> <p>Man made fire, and from it grew \'the story\'.</p> <p>We\'re in an amazing age right now. There have, over the centuries, been times when \'the story\' evolved&#8212;took a seismic leap forward. Those cave paintings were one such leap, this digital age beckons another. Storytelling can evolve again in ways limited only by our&nbsp;imaginations.</p> <p>At <strong>Madefire</strong> we\'ve been working towards an experience at once universal and personal, private and shared. The interconnectivity of everyone rewrites what has gone before. Stories no longer need to happen in linear space but can explode into clouds. Readers need not dwell in the modern day analog of that ancient cave&#8212;but can instead share their tales with a global tribe.</p> </div> <div class=col3> <p>The advent of the tablet computer has changed storytelling by adding further dimension to the potency of words and&nbsp;pictures.</p> <p>With A-list story talent, minds culled from leading technological innovators, and experience that combines leadership in all forms of media, we\'re confident that we\'re cultivating an experience people will want to share, and share in. We\'re working with the best, and that includes you&#8212;you that come with us and partake in an evolutionary journey that genuinely could change the way we experience \'the story\' forever.</p> <p>&#8212;MF</p> </div> </div> </div> <footer> </footer> <script>var _gaq=[[\"_setAccount\",\"UA-28954524-1\"],[\"_trackPageview\"]];(function(e,a){var c=e.createElement(a),b=e.getElementsByTagName(a)[0];c.src=(\"https:\"==location.protocol?\"//ssl\":\"//www\")+\".google-analytics.com/ga.js\";b.parentNode.insertBefore(c,b)}(document,\"script\"));</script> </body> </html>`\r\n\r\nWe suggest you use an HTML validator to discover and replace deprecated attributes. Here are a couple options:\r\n\r\n[W3C Markup Validation Service](http://validator.w3.org/)\r\n\r\n[Validator.nu (X)HTML5 Validator](http://html5.validator.nu/)',9),(192,2,'HTML','DoctypeNotFirstElement',NULL,'A doctype declaration should appear first in the HTML document','The doctype declaration\'s purpose is to tell browsers (and validation tools) what type of HTML document it is receiving. If you do not provide a doctype, or the doctype is not the first instruction in your document, browsers will render in [quirks mode](http://en.wikipedia.org/wiki/Quirks_mode). If you don\'t want to think about what that means, or maintain a site in quirks mode, we recommend using the HTML5 doctype:\r\n\r\n`<!DOCTYPE html>`\r\n\r\nThis doctype will render pages in \"standards mode\" for most browsers, and \"almost standards mode\" for older versions of Internet Explorer (6 and 7).',90),(193,2,'HTML','GifsUsed',NULL,'GIF images should be replaced with PNGs','%url% has 13 gifs with a total file size of 13.75KB.\r\n\r\nThe image file format PNG was created to improve upon and replace GIF images; they compress better. Also, there are patent issues around using GIFs. We suggest PNG-8 for non-transparent images, PNG-24 for transparent images, and JPEG for photos.',10),(194,2,'HTML','ManyImagesFlag',NULL,'A questionably large number of images (13) are used','Images are HTTP requests that slow down rendering and should be minimized. \r\n\r\nUnless your HTML document is something as primitive as an HTML email, images should not be used for layout. Replace corners, spacers, shadows, gradients...etc. with CSS.',8),(195,2,'HTML','JavascriptInHref',NULL,'The JavaScript pseudo-protocol should not be used as the target of a link','The JavaScript pseudo-protocol, \"javascript:\", was found here:\r\n\r\n`(202) <a href=\"javascript:open_window_custom(\'organic.html\',300,100,380,53 0)\">organic</a> `  \n\r\r\n\r\nSimply put, links should be links, not javascript. It\'s more appropriate to use the onClick event handler and to apply JavaScript to the click of an element. Better code would be:\r\n\r\n`<a href=\"/current_page.html\" onClick=\"doOnClick()\">`\r\n\r\nHowever, there is no reason for this element to be a link, especially since it behaves more like a button. I would use `<span>`, `<div>` or `<button>`, and apply a style that sets the cursor to pointer for that element, so that the user gets the visual cue that the element is clickable. \r\n\r\n`<div onClick=\"doOnClick()\" class=\"fauxButton\">`\r\n\r\nWe can improve on this a bit more, but the important short-term goal is replace \"javascript:\" in links.',20),(196,2,'HTML','ImgAltAttributeMissing',NULL,'Missing img alt attribute','Missing the alt attribute in an image may seem like a small thing, but it is important for accessibility as well as required. You should add alt text to the following:\r\n\r\n`<img src=\"images/bhnc_title2-03.gif\" width=\"608\" height=\"77\" border=\"0\" alt=\"\">`  \n\r`<img src=\"images/bhnc_newtop_prep_05.gif\" width=\"119\" height=\"77\" alt=\"\" border=\"0\">`  \n\r`<img src=\"images/bhnc_newtop_prep_08.gif\" width=\"81\" height=\"27\" alt=\"\">`  \n\r`<img src=\"images/bhnc_newtop_prep_11.gif\" width=\"119\" height=\"27\" alt=\"\" border=\"0\">`  \n\r`<img src=\"images/bhnc_newtop_prep_14.gif\" width=\"81\" height=\"30\" alt=\"\">`  \n\r`<img src=\"images/bhnc_newtop_prep_15.gif\" width=\"77\" height=\"30\" alt=\"\">`  \n\r`<img name=\"easy_ordering\" src=\"images/easy_ordering.gif\" width=\"113\" height=\"30\" border=\"0\" alt=\"\">`  \n\r`<img name=\"farm_images\" src=\"images/farm_images.gif\" width=\"107\" height=\"30\" border=\"0\" alt=\"\">`  \n\r`<img name=\"watercolors\" src=\"images/watercolors.gif\" width=\"99\" height=\"30\" border=\"0\" alt=\"\">`  \n\r`<img name=\"directions\" src=\"images/directions.gif\" width=\"86\" height=\"30\" border=\"0\" alt=\"\">`  \n\r`<img name=\"resources\" src=\"images/resources.gif\" width=\"86\" height=\"30\" border=\"0\" alt=\"\">`  \n\r`<img src=\"images/bhnc_newtop_prep_23.gif\" width=\"119\" height=\"30\" alt=\"\">`  \n\r',25),(197,2,'HTML','BoldTags',NULL,'Bold tags do not have much semantic meaning. Replace them with heading level or strong tags','This is a very minor issue. However, if you enclosed text with `<b>` because it is important text, it would be better to use `<strong>`; `<strong>` means important whereas `<b>` means \"visually disctinct from text that surrounds it.\"\r\n\r\nIf the text in question can be considered a headline, it\'s best to use a heading level tag: `<h1> ... <h6>`.\r\n\r\n`(189) <b>Buchanan Hollow Nut Company</b>`  \n\r`(209) <b>Order Online!</b>`  \n\r`(218) <b>Come by</b>`  \n\r`(228) <b><font color=\"#ff9900\">NEWS</font></b>`  \n\r',9),(198,2,'HTML','FaviconMissing',NULL,'No favicon included','Favicons are 16x16 pixel images that appear in browsers next to location bars, bookmarks and tabs. They improve the user experience and they are easy to make. To create a favicon you can use an [online tool](http://www.favicon.cc/) or install a [Photoshop plugin](http://www.telegraphics.com.au/sw/). Name the file favicon.ico, put it in your root web directory, and add the following to the `<head>` element of your HTML:\r\n\r\n`<link rel=\"icon\" type=\"image/x-icon\" href=\"/favicon.ico\">`',30),(199,2,'HTML','DeprecatedElement',NULL,'\"center\" is a deprecated HTML4 element and should be replaced with CSS','`(170) <center>    `  \n\r',33),(200,2,'HTML','HasDocumentWrite',NULL,'document.write() should not be used',NULL,9),(201,2,'HTML','DeprecatedAttributeOptimized',NULL,'\"align\" is a deprecated HTML4 attribute for <TD>','`<TD HEIGHT=27  background=\"images/bhnc_newtop_prep_10.gif\" align=center>&nbsp;</TD>`\r\n\r\nWe suggest you use an HTML validator to discover and replace deprecated attributes. Here are a couple options:\r\n\r\n[W3C Markup Validation Service](http://validator.w3.org/)\r\n\r\n[Validator.nu (X)HTML5 Validator](http://html5.validator.nu/)',9),(202,2,'HTML','LargeScriptNotMinified',NULL,'Minify scripts to improve web site performance','The following 7.45KB script should have whitespace removed:\r\n\r\n`(15) <script src=\"thumbnailviewer.js\" type=\"text/javascript\">`  \n\r',33),(203,8,'Script','ScriptsInHead',NULL,'Javascript should be included at the bottom of the page, not in the head','There is a habit of putting script tags in the head of HTML documents, but scripts usually do not need to be loaded first, and they block content rendering. No more than two scripts can be download and parsed by a browser at once. You have 2 script elements in `<head>`. \r\n\r\nWe suggest putting scripts at the bottom of the page, before the close body tag. For Internet Explorer only, you have the option of adding defer=defer to the script tag.',70),(204,8,'HTML','ManyImagesFlag',NULL,'A questionably large number of images (13) are used','Images are HTTP requests that slow down rendering and should be minimized. \r\n\r\nUnless your HTML document is something as primitive as an HTML email, images should not be used for layout. Replace corners, spacers, shadows, gradients...etc. with CSS.',8),(205,8,'HTML','MissingImgHeightOrWidth',NULL,'Images should have height and width set','Height and width are not officially required attributes for `<img>`. However, including them guarantees faster content download. That information also helps the browser determine the viewport space for the image, making the rendering visually smoother. We recommend adding the correct pixel dimensions to the following images found at %url%:\r\n\r\n`(113) <img alt=\"Loading\" height=\"40px\" src=\"/assets/loading-363bfc0afaea1ff80c228d8d28d51cfd.gif\" />`  \n\r`(119) <img alt=\"See_sampleinterview_btn\" id=\"show_sample_interview\" src=\"/assets/new_look/see_sampleinterview_btn-fe796e800dc6a0f3575 f8f91f1340004.png\" width=\"125\" /> `  \n\r`(138) <img alt=\"Howitworks_img2\" id=\"howitworks_img2\" src=\"/assets/new_look/howitworks_img2-b706f117317025dabc5c290c76a 81e47.png\" width=\"125\" /> `  \n\r`(148) <img alt=\"Howitworks_img3\" id=\"howitworks_img3\" src=\"/assets/new_look/howitworks_img3-7d2052a4559189786ed7618307d c6fa5.png\" width=\"230\" /> `  \n\r`(159) <img alt=\"Howitworks_img1\" id=\"howitworks_img1\" src=\"/assets/new_look/howitworks_img1-33c3a7df2be08f2d3b0473b3500 06b22.png\" width=\"140\" /> `  \n\r`(184) <img alt=\"Logo_techcrunch\" id=\"media_logo1\" src=\"/assets/new_look/logo_techcrunch-e03a94b06dc576d9c451edfa5bf 58771.png\" width=\"210\" /> `  \n\r`(191) <img alt=\"Logo_fastcompany\" id=\"media_logo2\" src=\"/assets/new_look/logo_fastcompany-84bd7f43991ede0f5d63dd12a4 370d88.png\" width=\"215\" /> `  \n\r`(248) <img alt=\"Exit_btn_blue\" class=\"closeBtn\" src=\"/assets/new_look/exit_btn_blue-c9ccef3a1cc73efed8ad0ad8d0a12 74d.png\" /> `  \n\r`(258) <img alt=\"Exit_btn_blue\" class=\"closeBtn interviewsample_modal_exitbtn\" src=\"/assets/new_look/exit_btn_blue-c9ccef3a1cc73efed8ad0ad8d0a12 74d.png\" /> `  \n\r`(289) <img alt=\"Sampleinterview_report\" class=\"interview_sample_screenshot\" src=\"/assets/new_look/sampleinterview_report-2021607c4d0335fdd3a6 cb0b2328a794.png\" /> `  \n\r',30),(206,8,'HTML','BoldTags',NULL,'Bold tags do not have much semantic meaning. Replace them with heading level or strong tags','This is a very minor issue. However, if you enclosed text with `<b>` because it is important text, it would be better to use `<strong>`; `<strong>` means important whereas `<b>` means \"visually disctinct from text that surrounds it.\"\r\n\r\nIf the text in question can be considered a headline, it\'s best to use a heading level tag: `<h1> ... <h6>`.\r\n\r\n`(136) <b>Powerful screening</b>`  \n\r`(146) <b>Easy process</b>`  \n\r`(157) <b>Better outcomes</b>`  \n\r`(216) <b>Alicia Morga</b>`  \n\r`(229) <b>Allan Grant</b>`  \n\r`(237) <b>Andrew Whalen</b>`  \n\r',9),(207,8,'HTML','FaviconMissing',NULL,'No favicon included','Favicons are 16x16 pixel images that appear in browsers next to location bars, bookmarks and tabs. They improve the user experience and they are easy to make. To create a favicon you can use an [online tool](http://www.favicon.cc/) or install a [Photoshop plugin](http://www.telegraphics.com.au/sw/). Name the file favicon.ico, put it in your root web directory, and add the following to the `<head>` element of your HTML:\r\n\r\n`<link rel=\"icon\" type=\"image/x-icon\" href=\"/favicon.ico\">`',30),(208,8,'HTML','LargeScriptNotMinified',NULL,'Minify scripts to improve web site performance','The following 628.74KB script should have whitespace removed:\r\n\r\n`(6) <script src=\"/assets/application-86ba4f77cd204941faa97e0d6c2a860b.js\" type=\"text/javascript\"></script>`  \n\r',33),(209,8,'HTML','LargeStylesheetNotMinified',NULL,'Minify CSS to improve web site performance','The following 91.63KB style sheet should have whitespace removed: \r\n\r\n`(5) <link href=\"/assets/application-5200180b92d822c69201786a4f08693b.css\" media=\"screen\" rel=\"stylesheet\" type=\"text/css\" />`  \n\r',33),(210,8,'HTML5','IsHtml5HasXhtmlCloseTags',NULL,'XHTML close tags \" />\" can be removed from HTML5 document','They are harmless, but if you\'d like to reduce and clean up your code a bit, you can remove XHTML close tags from 26 elements.',5),(211,8,'HTML','DuplicateId',NULL,'Duplicate ID found','IDs must be unique to an HTML document. Please correct the following duplicate ID:\r\n\r\nnew_contact_info',70),(212,8,'HTML','IncorrectImagePixelSize',NULL,'Incorrectly set height and/or width for images','The height and width attributes of the `<img>` element should match the pixel dimensions of the graphic, or the graphic should be resized to match the height and width set in the HTML. If a graphic is bigger than the assigned image attributes, you\'re showing the user less than they are downloading. If the graphic is smaller than what is assigned, then the image will scale up and look pixelated. In any case, when web browsers resize images, it does not look ideal.\r\n\r\n`(113) <img alt=\"Loading\" height=\"40px\" src=\"/assets/loading-363bfc0afaea1ff80c228d8d28d51cfd.gif\" />`  \n\r\nshould be height=\"235\"`(119) <img alt=\"See_sampleinterview_btn\" id=\"show_sample_interview\" src=\"/assets/new_look/see_sampleinterview_btn-fe796e800dc6a0f3575 f8f91f1340004.png\" width=\"125\" /> `  \n\r\nshould be width=\"287\"\n\n`(138) <img alt=\"Howitworks_img2\" id=\"howitworks_img2\" src=\"/assets/new_look/howitworks_img2-b706f117317025dabc5c290c76a 81e47.png\" width=\"125\" /> `  \n\r\nshould be width=\"117\"\n\n`(148) <img alt=\"Howitworks_img3\" id=\"howitworks_img3\" src=\"/assets/new_look/howitworks_img3-7d2052a4559189786ed7618307d c6fa5.png\" width=\"230\" /> `  \n\r\nshould be width=\"258\"\n\n`(159) <img alt=\"Howitworks_img1\" id=\"howitworks_img1\" src=\"/assets/new_look/howitworks_img1-33c3a7df2be08f2d3b0473b3500 06b22.png\" width=\"140\" /> `  \n\r\nshould be width=\"161\"\n\n`(184) <img alt=\"Logo_techcrunch\" id=\"media_logo1\" src=\"/assets/new_look/logo_techcrunch-e03a94b06dc576d9c451edfa5bf 58771.png\" width=\"210\" /> `  \n\r\nshould be width=\"431\"\n\n`(191) <img alt=\"Logo_fastcompany\" id=\"media_logo2\" src=\"/assets/new_look/logo_fastcompany-84bd7f43991ede0f5d63dd12a4 370d88.png\" width=\"215\" /> `  \n\r\nshould be width=\"394\"\n\n\n\n\n\n\n\n',45),(215,9,'HTML5','NotHtml5Doctype',NULL,'Site should be updated to HTML5, the evolving new standard','If this is a site under development, versus a retired page of content, you probably want to make it HTML5 instead of HTML 4.01 Transitional. This transition should be as easy as changing the doctype to `<!doctype html>`. \r\n\r\nIf you wish, you may also make the character encoding meta tag shorter. What had looked something like this:\r\n\r\n`<meta http-equiv=\"Content-Type\" content=\"text/html;charset=utf-8\" />`\r\n\r\nCan be replaced with this:\r\n\r\n`<meta charset=\"utf-8\">`\r\n\r\nAfter you make this change you\'ll want to run [HTML5 validation](http://html5.validator.nu/) against it. Here is a [direct link](http://html5.validator.nu/?doc=%url%) for running HTML5 validation against your site once you change the doctype.',99),(216,9,'HTML','BrokenLink',NULL,'Broken link found','`(43) <a href=\"atest-x.html\">XXXX</a>`  \n\r',9),(217,9,'Script','ScriptsInHead',NULL,'Javascript should be included at the bottom of the page, not in the head','There is a habit of putting script tags in the head of HTML documents, but scripts usually do not need to be loaded first, and they block content rendering. No more than two scripts can be download and parsed by a browser at once. You have 2 script elements in `<head>`. \r\n\r\nWe suggest putting scripts at the bottom of the page, before the close body tag. For Internet Explorer only, you have the option of adding defer=defer to the script tag.',70),(218,9,'HTML','ImgAltAttributeMissing',NULL,'Missing img alt attribute','Missing the alt attribute in an image may seem like a small thing, but it is important for accessibility as well as required. You should add alt text to the following:\r\n\r\n`(34) <img src=\"../img/ready.png\">`  \n\r`(36) <img src=\"../i/star.png\" width=\"16\">`  \n\r`(39) <img src=\"../i/star.png\" width=\"16\" height=\"16\">`  \n\r',25),(219,9,'HTML','MissingImgHeightOrWidth',NULL,'Images should have height and width set','Height and width are not officially required attributes for `<img>`. However, including them guarantees faster content download. That information also helps the browser determine the viewport space for the image, making the rendering visually smoother. We recommend adding the correct pixel dimensions to the following images found at %url%:\r\n\r\n`(34) <img src=\"../img/ready.png\">`  \n\r`(36) <img src=\"../i/star.png\" width=\"16\">`  \n\r',30),(220,9,'HTML','BoldTags',NULL,'Bold tags do not have much semantic meaning. Replace them with heading level or strong tags','This is a very minor issue. However, if you enclosed text with `<b>` because it is important text, it would be better to use `<strong>`; `<strong>` means important whereas `<b>` means \"visually disctinct from text that surrounds it.\"\r\n\r\nIf the text in question can be considered a headline, it\'s best to use a heading level tag: `<h1> ... <h6>`.\r\n\r\n`(41) <b>important text</b>`  \n\r',9),(222,9,'HTML','DeprecatedAttributeOptimized',NULL,'\"align\" is a deprecated HTML4 attribute for <div>','`<div class=\"menu\" align=\"center\">menu here</div><br>`\r\n\r\nWe suggest you use an HTML validator to discover and replace deprecated attributes. Here are a couple options:\r\n\r\n[W3C Markup Validation Service](http://validator.w3.org/)\r\n\r\n[Validator.nu (X)HTML5 Validator](http://html5.validator.nu/)',9),(223,9,'HTML','LargeScriptNotMinified',NULL,'Minify scripts to improve web site performance','The following 45.21KB script should have whitespace removed:\r\n\r\n`(7) <script src=\"big.js\"></script>`  \n\r',33),(224,9,'HTML','LargeStylesheetNotMinified',NULL,'Minify CSS to improve web site performance','The following 6.04KB style sheet should have whitespace removed: \r\n\r\n`(9) <link rel=\"stylesheet\" type=\"text/css\" href=\"home.css\" />`  \n\r',33),(225,9,'HTML','IncorrectImagePixelSize',NULL,'Height and/or width set incorrectly for images','The height and width attributes of the `<img>` element should match the pixel dimensions of the graphic, or the graphic should be resized to match the height and width set in the HTML. \r\n\r\nIf a graphic is bigger than the assigned image attributes, you\'re showing the user less than they are downloading. If the graphic is smaller than what is assigned, then the image will scale up and look pixelated. In any case, when web browsers resize images, it does not look ideal.\r\n\r\n`(36) <img src=\"../i/star.png\" width=\"16\">`  \n\r\nshould be width=\"18\"\n\n`(39) <img src=\"../i/star.png\" width=\"16\" height=\"16\">`  \n\r\nshould be width=\"18\"\n and height=\"19\"\n\n',45),(227,9,'HTML','ScriptBeforeCss',NULL,'Stylesheet included after script in head','To make your site render faster, move CSS links to the top of the document head, before any scripts. Ideally, scripts would be moved to the bottom of the page.\r\n\r\n`(6) <script src=\"//ajax.googleapis.com/ajax/libs/jquery/1.7.1/jquery.min.js\"> </script> `  \n\r\nappears before\n\n`(8) <link rel=\"stylesheet\" type=\"text/css\" href=\"home.css\" />`  \n\r\n\nand\n\n`(10) <link rel=\"stylesheet\" type=\"text/css\" href=\"big.css\" />`  \n\r\n\n`(25) <script src=\"big.js\"></script>`  \n\r\nappears before\n\n`(27) <link rel=\"stylesheet\" type=\"text/css\" href=\"little.css\" />`  \n\r\n',60),(228,10,'HTML5','NotHtml5Doctype',NULL,'Site should be updated to HTML5, the evolving new standard','If this is a site under development, versus a retired page of content, you probably want to make it HTML5 instead of XHTML 1.0 Transitional. This transition should be as easy as changing the doctype to `<!doctype html>`. \r\n\r\nIf you wish, you may also make the character encoding meta tag shorter. What had looked something like this:\r\n\r\n`<meta http-equiv=\"Content-Type\" content=\"text/html;charset=utf-8\" />`\r\n\r\nCan be replaced with this:\r\n\r\n`<meta charset=\"utf-8\">`\r\n\r\nAfter you make this change you\'ll want to run [HTML5 validation](http://html5.validator.nu/) against it. Here is a [direct link](http://html5.validator.nu/?doc=%url%) for running HTML5 validation against your site once you change the doctype.',99),(229,10,'HTML','GifsUsed',NULL,'GIF images should be replaced with PNGs','%url% has 44 gifs with a total file size of 49.24KB.\r\n\r\nThe image file format PNG was created to improve upon and replace GIF images; they compress better. Also, there are patent issues around using GIFs. We suggest PNG-8 for non-transparent images, PNG-24 for transparent images, and JPEG for photos.',10),(230,10,'Script','ScriptsInHead',NULL,'Javascript should be included at the bottom of the page, not in the head','There is a habit of putting script tags in the head of HTML documents, but scripts usually do not need to be loaded first, and they block content rendering. No more than two scripts can be download and parsed by a browser at once. You have 14 script elements in `<head>`. \r\n\r\nWe suggest putting scripts at the bottom of the page, before the close body tag. For Internet Explorer only, you have the option of adding defer=defer to the script tag.',70),(231,10,'HTML','ManyImagesFlag',NULL,'A questionably large number of images (67) are used','Images are HTTP requests that slow down rendering and should be minimized. \r\n\r\nUnless your HTML document is something as primitive as an HTML email, images should not be used for layout. Replace corners, spacers, shadows, gradients...etc. with CSS.',8),(232,10,'HTML','ImgAltAttributeMissing',NULL,'Missing img alt attribute','Missing the alt attribute in an image may seem like a small thing, but it is important for accessibility as well as required. You should add alt text to the following:\r\n\r\n`(106) <img src=\"http://www.moesbooks.com/templates/Bargains/images/ajax-load er.gif\" alt=\"\" /> `  \n\r`(217) <img src=\"http://telegraph-books.net/images/spacer.gif\" width=\"15\" height=\"20\">`  \n\r`(218) <img src=\"http://telegraph-books.net/images/spacer.gif\" width=\"15\" height=\"10\">`  \n\r`(218) <img src=\"http://telegraph-books.net/images/spacer.gif\" width=\"15\" height=\"10\">`  \n\r`(218) <img src=\"http://telegraph-books.net/images/spacer.gif\" width=\"15\" height=\"10\">`  \n\r`(218) <img src=\"http://telegraph-books.net/images/spacer.gif\" width=\"15\" height=\"10\">`  \n\r`(218) <img src=\"http://telegraph-books.net/images/spacer.gif\" width=\"15\" height=\"10\">`  \n\r`(218) <img src=\"http://telegraph-books.net/images/spacer.gif\" width=\"15\" height=\"10\">`  \n\r`(217) <img src=\"http://telegraph-books.net/images/spacer.gif\" width=\"15\" height=\"20\">`  \n\r`(218) <img src=\"http://telegraph-books.net/images/spacer.gif\" width=\"15\" height=\"10\">`  \n\r`(218) <img src=\"http://telegraph-books.net/images/spacer.gif\" width=\"15\" height=\"10\">`  \n\r`(218) <img src=\"http://telegraph-books.net/images/spacer.gif\" width=\"15\" height=\"10\">`  \n\r`(218) <img src=\"http://telegraph-books.net/images/spacer.gif\" width=\"15\" height=\"10\">`  \n\r`(237) <img src=\"http://telegraph-books.net/images/L-columnInfo.png\" width=\"155\" height=\"317\">`  \n\r`(667) <img src=\"http://www.moesbooks.com/templates/Bargains/images/IcoRating 0.gif\" alt=\"\" style=\"display: none\" /> `  \n\r`(667) <img src=\"http://www.moesbooks.com/templates/Bargains/images/IcoRating 0.gif\" alt=\"\" style=\"display: none\" /> `  \n\r`(667) <img src=\"http://www.moesbooks.com/templates/Bargains/images/IcoRating 0.gif\" alt=\"\" style=\"display: none\" /> `  \n\r`(667) <img src=\"http://www.moesbooks.com/templates/Bargains/images/IcoRating 0.gif\" alt=\"\" style=\"display: none\" /> `  \n\r`(667) <img src=\"http://www.moesbooks.com/templates/Bargains/images/IcoRating 0.gif\" alt=\"\" style=\"display: none\" /> `  \n\r`(667) <img src=\"http://www.moesbooks.com/templates/Bargains/images/IcoRating 0.gif\" alt=\"\" style=\"display: none\" /> `  \n\r`(667) <img src=\"http://www.moesbooks.com/templates/Bargains/images/IcoRating 0.gif\" alt=\"\" style=\"display: none\" /> `  \n\r`(667) <img src=\"http://www.moesbooks.com/templates/Bargains/images/IcoRating 0.gif\" alt=\"\" style=\"display: none\" /> `  \n\r`(558) <img src=\"http://www.moesbooks.com/templates/Bargains/images/ProductDe fault.gif\" alt=\"\" /> `  \n\r`(667) <img src=\"http://www.moesbooks.com/templates/Bargains/images/IcoRating 0.gif\" alt=\"\" style=\"display: none\" /> `  \n\r`(667) <img src=\"http://www.moesbooks.com/templates/Bargains/images/IcoRating 0.gif\" alt=\"\" style=\"display: none\" /> `  \n\r`(667) <img src=\"http://www.moesbooks.com/templates/Bargains/images/IcoRating 0.gif\" alt=\"\" style=\"display: none\" /> `  \n\r`(667) <img src=\"http://www.moesbooks.com/templates/Bargains/images/IcoRating 0.gif\" alt=\"\" style=\"display: none\" /> `  \n\r`(635) <img src=\"http://telegraph-books.net/images/Moe2011posterCrop.gif\" width=\"158\" height=\"181\">`  \n\r`(636) <img src=\"http://telegraph-books.net/images/tea-notice.gif\" width=\"140\" height=\"80\" border=\"0\">`  \n\r`(646) <img src=\"http://telegraph-books.net/images/logo_twitter_withbird_1000 _allblue.jpg\" width=\"100\" height=\"19\" border=\"0\"> `  \n\r`(647) <img src=\"http://telegraph-books.net/images/facebook.jpg\" width=\"100\" height=\"100\" border=\"0\">`  \n\r`(558) <img src=\"http://www.moesbooks.com/templates/Bargains/images/ProductDe fault.gif\" alt=\"\" /> `  \n\r`(667) <img src=\"http://www.moesbooks.com/templates/Bargains/images/IcoRating 0.gif\" alt=\"\" style=\"display: none\" /> `  \n\r`(667) <img src=\"http://www.moesbooks.com/templates/Bargains/images/IcoRating 0.gif\" alt=\"\" style=\"display: none\" /> `  \n\r`(667) <img src=\"http://www.moesbooks.com/templates/Bargains/images/IcoRating 0.gif\" alt=\"\" style=\"display: none\" /> `  \n\r`(667) <img src=\"http://www.moesbooks.com/templates/Bargains/images/IcoRating 0.gif\" alt=\"\" style=\"display: none\" /> `  \n\r`(667) <img src=\"http://www.moesbooks.com/templates/Bargains/images/IcoRating 0.gif\" alt=\"\" style=\"display: none\" /> `  \n\r`(667) <img src=\"http://www.moesbooks.com/templates/Bargains/images/IcoRating 0.gif\" alt=\"\" style=\"display: none\" /> `  \n\r`(667) <img src=\"http://www.moesbooks.com/templates/Bargains/images/IcoRating 0.gif\" alt=\"\" style=\"display: none\" /> `  \n\r`(667) <img src=\"http://www.moesbooks.com/templates/Bargains/images/IcoRating 0.gif\" alt=\"\" style=\"display: none\" /> `  \n\r`(667) <img src=\"http://www.moesbooks.com/templates/Bargains/images/IcoRating 0.gif\" alt=\"\" style=\"display: none\" /> `  \n\r`(558) <img src=\"http://www.moesbooks.com/templates/Bargains/images/ProductDe fault.gif\" alt=\"\" /> `  \n\r`(667) <img src=\"http://www.moesbooks.com/templates/Bargains/images/IcoRating 0.gif\" alt=\"\" style=\"display: none\" /> `  \n\r',25),(233,10,'HTML','MissingImgHeightOrWidth',NULL,'Images should have height and width set','Height and width are not officially required attributes for `<img>`. However, including them guarantees faster content download. That information also helps the browser determine the viewport space for the image, making the rendering visually smoother. We recommend adding the correct pixel dimensions to the following images found at %url%:\r\n\r\n`(106) <img src=\"http://www.moesbooks.com/templates/Bargains/images/ajax-load er.gif\" alt=\"\" /> `  \n\r`<img src=\"http://www.moesbooks.com/product_images/logo-trans-up.gif\" border=\"0\" id=\"LogoImage\" alt=\"Moe\'s Books\">`  \n\r`(428) <img src=\"http://www.moesbooks.com/templates/Bargains/images/RSS.gif\" alt=\"RSS\" title=\"Featured Products RSS Feed\" />`  \n\r`(434) <img src=\"http://www.moesbooks.com/product_images/e/931/52117__81295_t humb.jpg\" alt=\"Holderlin Samtliche Werke Historisch-Kritische Au sgabe (6 vols.).; Holderlin, Friedrich.  (#MM 52117)\" />`  \n\r`(667) <img src=\"http://www.moesbooks.com/templates/Bargains/images/IcoRating 0.gif\" alt=\"\" style=\"display: none\" /> `  \n\r`(448) <img src=\"http://www.moesbooks.com/product_images/g/916/58120__41577_t humb.jpg\" alt=\"Joan Miro : Oeuvre Grave et Lithographie.; Geneva . Galerie Gerald Cramer.  (#MM 58120)\" />`  \n\r`(667) <img src=\"http://www.moesbooks.com/templates/Bargains/images/IcoRating 0.gif\" alt=\"\" style=\"display: none\" /> `  \n\r`(462) <img src=\"http://www.moesbooks.com/product_images/v/186/15117__91885_t humb.jpg\" alt=\"Gold in Azure: One Thousand Years of Russian Arch itecture.; Brumfield, William Craft.  (#MM 15117)\" />`  \n\r`(667) <img src=\"http://www.moesbooks.com/templates/Bargains/images/IcoRating 0.gif\" alt=\"\" style=\"display: none\" /> `  \n\r`(476) <img src=\"http://www.moesbooks.com/product_images/n/832/53044__47341_t humb.jpg\" alt=\"The Power of Form : African Art from the Horstman n Collection.; Bassani, Ezio et al.  (#MM 53044)\" />`  \n\r`(667) <img src=\"http://www.moesbooks.com/templates/Bargains/images/IcoRating 0.gif\" alt=\"\" style=\"display: none\" /> `  \n\r`(496) <img src=\"http://www.moesbooks.com/templates/Bargains/images/RSS.gif\" alt=\"RSS\" title=\"New Products RSS Feed\" />`  \n\r`(502) <img src=\"http://www.moesbooks.com/product_images/r/310/49231__46929_t humb.jpg\" alt=\"Kurtzes Handtbuchlein und Experiment vieler Artzn eyen, durch den gantzen Corper des Menschens, von dem Haupt biss auff die Fuss.; (Walter Hermann Ryff) Apollonaris, Quintos. (MM 49231)\" />`  \n\r`(667) <img src=\"http://www.moesbooks.com/templates/Bargains/images/IcoRating 0.gif\" alt=\"\" style=\"display: none\" /> `  \n\r`(516) <img src=\"http://www.moesbooks.com/product_images/y/420/43399__78063_t humb.jpg\" alt=\"Death in the Afternoon.; Hemingway, Ernest. (MM 4 3399)\" />`  \n\r`(667) <img src=\"http://www.moesbooks.com/templates/Bargains/images/IcoRating 0.gif\" alt=\"\" style=\"display: none\" /> `  \n\r`(530) <img src=\"http://www.moesbooks.com/product_images/p/927/74084__18500_t humb.jpg\" alt=\"States of Grace: Photographs 1964 - 1989; Ovenden , Graham (photography) (MM 74084)\" />`  \n\r`(667) <img src=\"http://www.moesbooks.com/templates/Bargains/images/IcoRating 0.gif\" alt=\"\" style=\"display: none\" /> `  \n\r`(544) <img src=\"http://www.moesbooks.com/product_images/s/590/57309__39990_t humb.jpg\" alt=\"The Flute of the Gods.; Ryan, Marah Ellis; illust rated by Edward S. Curtis. (MM 57309)\" />`  \n\r`(667) <img src=\"http://www.moesbooks.com/templates/Bargains/images/IcoRating 0.gif\" alt=\"\" style=\"display: none\" /> `  \n\r`(558) <img src=\"http://www.moesbooks.com/templates/Bargains/images/ProductDe fault.gif\" alt=\"\" /> `  \n\r`(667) <img src=\"http://www.moesbooks.com/templates/Bargains/images/IcoRating 0.gif\" alt=\"\" style=\"display: none\" /> `  \n\r`(572) <img src=\"http://www.moesbooks.com/product_images/x/965/47232__82749_t humb.jpg\" alt=\"Simple Stakes A Claim.; Hughes, Langston. (MM 472 32)\" />`  \n\r`(667) <img src=\"http://www.moesbooks.com/templates/Bargains/images/IcoRating 0.gif\" alt=\"\" style=\"display: none\" /> `  \n\r`(586) <img src=\"http://www.moesbooks.com/product_images/b/506/55992__20399_t humb.jpg\" alt=\"Open Country (with signed print).; Dusard, Jay ;  Zarzyski, Paul. (MM 55992)\" />`  \n\r`(667) <img src=\"http://www.moesbooks.com/templates/Bargains/images/IcoRating 0.gif\" alt=\"\" style=\"display: none\" /> `  \n\r`(600) <img src=\"http://www.moesbooks.com/product_images/p/747/1038548__48083 _thumb.jpg\" alt=\"Schriften; Meyerhold, Wsewolod E. (UB 1038548)\"  />`  \n\r`(667) <img src=\"http://www.moesbooks.com/templates/Bargains/images/IcoRating 0.gif\" alt=\"\" style=\"display: none\" /> `  \n\r`(558) <img src=\"http://www.moesbooks.com/templates/Bargains/images/ProductDe fault.gif\" alt=\"\" /> `  \n\r`(667) <img src=\"http://www.moesbooks.com/templates/Bargains/images/IcoRating 0.gif\" alt=\"\" style=\"display: none\" /> `  \n\r`(677) <img src=\"http://www.moesbooks.com/product_images/a/093/0887394302__77 826_thumb.jpg\" alt=\"The Chandler Apartments by Owen Hill (NB0887 394302)\" />`  \n\r`(667) <img src=\"http://www.moesbooks.com/templates/Bargains/images/IcoRating 0.gif\" alt=\"\" style=\"display: none\" /> `  \n\r`<img src=\"http://www.moesbooks.com/product_images/s/521/giftcert__8446 7_thumb.png\" alt=\"Moe\'s Gift Certificate $50\"> `  \n\r`(667) <img src=\"http://www.moesbooks.com/templates/Bargains/images/IcoRating 0.gif\" alt=\"\" style=\"display: none\" /> `  \n\r`<img src=\"http://www.moesbooks.com/product_images/i/363/giftcert__2236 6_thumb.png\" alt=\"Moe\'s Gift Certificate $25\"> `  \n\r`(667) <img src=\"http://www.moesbooks.com/templates/Bargains/images/IcoRating 0.gif\" alt=\"\" style=\"display: none\" /> `  \n\r`<img src=\"http://www.moesbooks.com/product_images/d/933/P1000898__6394 1_thumb__98632_thumb.JPG\" alt=\"Moe\'s T shirt (black); Moe\'s Book s  (#MB 104)\">`  \n\r`(667) <img src=\"http://www.moesbooks.com/templates/Bargains/images/IcoRating 0.gif\" alt=\"\" style=\"display: none\" /> `  \n\r`(745) <img src=\"http://www.moesbooks.com/templates/Bargains/images/RSS.gif\" title=\"New Products RSS Feed\" alt=\"RSS\" />`  \n\r`(502) <img src=\"http://www.moesbooks.com/product_images/r/310/49231__46929_t humb.jpg\" alt=\"Kurtzes Handtbuchlein und Experiment vieler Artzn eyen, durch den gantzen Corper des Menschens, von dem Haupt biss auff die Fuss.; (Walter Hermann Ryff) Apollonaris, Quintos. (MM 49231)\" />`  \n\r`(667) <img src=\"http://www.moesbooks.com/templates/Bargains/images/IcoRating 0.gif\" alt=\"\" style=\"display: none\" /> `  \n\r`(516) <img src=\"http://www.moesbooks.com/product_images/y/420/43399__78063_t humb.jpg\" alt=\"Death in the Afternoon.; Hemingway, Ernest. (MM 4 3399)\" />`  \n\r`(667) <img src=\"http://www.moesbooks.com/templates/Bargains/images/IcoRating 0.gif\" alt=\"\" style=\"display: none\" /> `  \n\r`(530) <img src=\"http://www.moesbooks.com/product_images/p/927/74084__18500_t humb.jpg\" alt=\"States of Grace: Photographs 1964 - 1989; Ovenden , Graham (photography) (MM 74084)\" />`  \n\r`(667) <img src=\"http://www.moesbooks.com/templates/Bargains/images/IcoRating 0.gif\" alt=\"\" style=\"display: none\" /> `  \n\r`(544) <img src=\"http://www.moesbooks.com/product_images/s/590/57309__39990_t humb.jpg\" alt=\"The Flute of the Gods.; Ryan, Marah Ellis; illust rated by Edward S. Curtis. (MM 57309)\" />`  \n\r`(667) <img src=\"http://www.moesbooks.com/templates/Bargains/images/IcoRating 0.gif\" alt=\"\" style=\"display: none\" /> `  \n\r`(558) <img src=\"http://www.moesbooks.com/templates/Bargains/images/ProductDe fault.gif\" alt=\"\" /> `  \n\r`(667) <img src=\"http://www.moesbooks.com/templates/Bargains/images/IcoRating 0.gif\" alt=\"\" style=\"display: none\" /> `  \n\r',30),(234,10,'HTML','AmpersandUnescapedInLink',NULL,'Ampersands (&) in links need to be converted to \"&amp;\" when written in HTML','When we write links in the body of our HTML document we need to convert \"&\" to \"&amp;\". (It is not necessary to do this otherwise: for example, when pasting into emails or browser location bars.) As attribute values for \"src\" and \"href\", plain ampersands are invalid. An unescaped ampersand was found here:\r\n\r\n`http://www.moesbooks.com/rss.php?type=rss&action=featuredproducts ``http://www.moesbooks.com/cart.php?action=add&product_id=66219 ``http://www.moesbooks.com/cart.php?action=add&product_id=68208 ``http://www.moesbooks.com/cart.php?action=add&product_id=63372 ``http://www.moesbooks.com/cart.php?action=add&product_id=66472 ``http://www.moesbooks.com/cart.php?action=add&product_id=135010 ``http://www.moesbooks.com/cart.php?action=add&product_id=135009 ``http://www.moesbooks.com/cart.php?action=add&product_id=135008 ``http://www.moesbooks.com/cart.php?action=add&product_id=135007 ``http://www.moesbooks.com/cart.php?action=add&product_id=135006 ``http://www.moesbooks.com/cart.php?action=add&product_id=135005 ``http://www.moesbooks.com/cart.php?action=add&product_id=135004 ``http://www.moesbooks.com/cart.php?action=add&product_id=135003 ``http://www.moesbooks.com/cart.php?action=add&product_id=117222 ``http://www.moesbooks.com/cart.php?action=add&product_id=110310 ``http://www.moesbooks.com/cart.php?action=add&product_id=117208 ``http://www.moesbooks.com/cart.php?action=add&product_id=117207 ``http://www.moesbooks.com/cart.php?action=add&product_id=135010 ``http://www.moesbooks.com/cart.php?action=add&product_id=135009 ``http://www.moesbooks.com/cart.php?action=add&product_id=135008 ``http://www.moesbooks.com/cart.php?action=add&product_id=135007 ``http://www.moesbooks.com/cart.php?action=add&product_id=135006 ``http://www.moesbooks.com/rss.php?action=newblogs&type=rss ``http://www.moesbooks.com/rss.php?action=newblogs&type=atom ``http://www.moesbooks.com/rss.php?action=popularproducts&type=rss ``http://www.moesbooks.com/rss.php?action=popularproducts&type=atom `\r\n\r\nBrowsers usually interpret links with unescaped ampersands just fine. However, it\'s a bad practice and there are pitfalls. For example, if you wrote a query string like \"?copy1=test&copy2=test\" a browser might interpret this as \"?copy1=test©2.\"',20),(236,10,'HTML','FaviconMissing',NULL,'No favicon included','Favicons are 16x16 pixel images that appear in browsers next to location bars, bookmarks and tabs. They improve the user experience and they are easy to make. To create a favicon you can use an [online tool](http://www.favicon.cc/) or install a [Photoshop plugin](http://www.telegraphics.com.au/sw/). Name the file favicon.ico, put it in your root web directory, and add the following to the `<head>` element of your HTML:\r\n\r\n`<link rel=\"icon\" type=\"image/x-icon\" href=\"/favicon.ico\">`',30),(237,10,'HTML','ManyInlineStylesFlag',NULL,'Inline styles should be avoided; 55 inline styles detected','While you may have a good reason to write styles inline using the \"style\" attribute, generally it is not a good practice. It makes bloated code, styles are not re-usable, styling has too much specificity...etc. We only make this suggestion when the sum of inline styles has reached a suspicious threshold (>8), and we suggest identifying common styles and them in a style sheet. When you need to update or change your styles, you will thank us.',20),(238,10,'HTML','DeprecatedAttributeOptimized',NULL,'\"align\" is a deprecated HTML4 attribute for <td>','`<td bgcolor=\"#3E3D43\"><div align=\"left\">`\r\n\r\nWe suggest you use an HTML validator to discover and replace deprecated attributes. Here are a couple options:\r\n\r\n[W3C Markup Validation Service](http://validator.w3.org/)\r\n\r\n[Validator.nu (X)HTML5 Validator](http://html5.validator.nu/)',9),(239,10,'HTML','LargeScriptNotMinified',NULL,'Minify scripts to improve web site performance','The following 24.09KB script should have whitespace removed:\r\n\r\n`(76) <script type=\"text/javascript\" src=\"http://www.moesbooks.com/javascript/common.js?d06c3\"></scrip t> `  \n\r',33),(240,10,'HTML','LargeStylesheetNotMinified',NULL,'Minify CSS to improve web site performance','The following 31.75KB stylesheet should have whitespace removed: \r\n\r\n`(33) <link href=\"http://www.moesbooks.com/templates/__custom/Styles/styles.c ss?d06c3\" media=\"all\" type=\"text/css\" rel=\"stylesheet\" /> `  \n\r',33),(241,10,'HTML','IncorrectImagePixelSize',NULL,'Height and/or width set incorrectly for images','The height and width attributes of the `<img>` element should match the pixel dimensions of the graphic, or the graphic should be resized to match the height and width set in the HTML. \r\n\r\nIf a graphic is bigger than the assigned image attributes, you\'re showing the user less than they are downloading. If the graphic is smaller than what is assigned, then the image will scale up and look pixelated. In any case, when web browsers resize images, it does not look ideal.\r\n\r\n`(217) <img src=\"http://telegraph-books.net/images/spacer.gif\" width=\"15\" height=\"20\">`  \n\r\nshould be width=\"10\"\n and height=\"10\"\n\n`(218) <img src=\"http://telegraph-books.net/images/spacer.gif\" width=\"15\" height=\"10\">`  \n\r\nshould be width=\"10\"\n\n`(218) <img src=\"http://telegraph-books.net/images/spacer.gif\" width=\"15\" height=\"10\">`  \n\r\nshould be width=\"10\"\n\n`(218) <img src=\"http://telegraph-books.net/images/spacer.gif\" width=\"15\" height=\"10\">`  \n\r\nshould be width=\"10\"\n\n`(218) <img src=\"http://telegraph-books.net/images/spacer.gif\" width=\"15\" height=\"10\">`  \n\r\nshould be width=\"10\"\n\n`(218) <img src=\"http://telegraph-books.net/images/spacer.gif\" width=\"15\" height=\"10\">`  \n\r\nshould be width=\"10\"\n\n`(218) <img src=\"http://telegraph-books.net/images/spacer.gif\" width=\"15\" height=\"10\">`  \n\r\nshould be width=\"10\"\n\n`(217) <img src=\"http://telegraph-books.net/images/spacer.gif\" width=\"15\" height=\"20\">`  \n\r\nshould be width=\"10\"\n and height=\"10\"\n\n`(218) <img src=\"http://telegraph-books.net/images/spacer.gif\" width=\"15\" height=\"10\">`  \n\r\nshould be width=\"10\"\n\n`(218) <img src=\"http://telegraph-books.net/images/spacer.gif\" width=\"15\" height=\"10\">`  \n\r\nshould be width=\"10\"\n\n`(218) <img src=\"http://telegraph-books.net/images/spacer.gif\" width=\"15\" height=\"10\">`  \n\r\nshould be width=\"10\"\n\n`(218) <img src=\"http://telegraph-books.net/images/spacer.gif\" width=\"15\" height=\"10\">`  \n\r\nshould be width=\"10\"\n\n\n\n\n\n\n\n`(636) <img src=\"http://telegraph-books.net/images/tea-notice.gif\" width=\"140\" height=\"80\" border=\"0\">`  \n\r\nshould be width=\"175\"\n and height=\"100\"\n\n`(646) <img src=\"http://telegraph-books.net/images/logo_twitter_withbird_1000 _allblue.jpg\" width=\"100\" height=\"19\" border=\"0\"> `  \n\r\nshould be width=\"102\"\n\n`(647) <img src=\"http://telegraph-books.net/images/facebook.jpg\" width=\"100\" height=\"100\" border=\"0\">`  \n\r\nshould be width=\"204\"\n and height=\"204\"\n\n',45),(247,11,'HTML','MissingImgHeightOrWidth',NULL,'Images should have height and width set','Height and width are not officially required attributes for `<img>`. However, including them guarantees faster content download. That information also helps the browser determine the viewport space for the image, making the rendering visually smoother. We recommend adding the correct pixel dimensions to the following images found at %url%:\r\n\r\n`(127) <img src=\"/new_images/signup/endorse.jpg\" alt=\"As Seen In: The New York Times, The Oprah Magazine, Time, and Real Simple\" />`  \n\r',30),(248,11,'HTML5','IsHtml5HasXhtmlCloseTags',NULL,'XHTML close tags \" />\" can be removed from HTML5 document','They are harmless, but if you\'d like to reduce and clean up your code a bit, you can remove XHTML close tags from 12 elements.',5),(249,12,'HTML','AmpersandUnescapedInLink',NULL,'Ampersands (&) in links need to be converted to \"&amp;\" when written in HTML','When we write links in the body of our HTML document we need to convert \"&\" to \"&amp;\". (It is not necessary to do this otherwise: for example, when pasting into emails or browser location bars.) As attribute values for \"src\" and \"href\", plain ampersands are invalid. An unescaped ampersand was found here:\r\n\r\n`http://www.google.com/url?sa=t&rct=j&q=whine-o-meter&source=web&c d=2&ved=0CCIQFjAB&url=http%3A%2F%2Fitunes.apple.com%2Fus%2Fapp%2 Fwhine-o-meter%2Fid348828301%3Fmt%3D8&ei=kNimTorXJMWwiQLG1pzODQ& usg=AFQjCNGXE2GptBmXYc6QCL4UFraGQkbPXg&cad=rja `\r\n\r\nBrowsers usually interpret links with unescaped ampersands just fine. However, it\'s a bad practice and there are pitfalls. For example, if you wrote a query string like \"?copy1=test&copy2=test\" a browser might interpret this as \"?copy1=test©2.\"',20),(250,12,'HTML','FaviconMissing',NULL,'No favicon included','Favicons are 16x16 pixel images that appear in browsers next to location bars, bookmarks and tabs. They improve the user experience and they are easy to make. To create a favicon you can use an [online tool](http://www.favicon.cc/) or install a [Photoshop plugin](http://www.telegraphics.com.au/sw/). Name the file favicon.ico, put it in your root web directory, and add the following to the `<head>` element of your HTML:\r\n\r\n`<link rel=\"icon\" type=\"image/x-icon\" href=\"/favicon.ico\">`',30),(251,12,'HTML','HasDocumentWrite',NULL,'document.write() should not be used',NULL,9),(252,12,'Filedata','LargeStylesheetNotMinified',NULL,'Minify CSS to improve web site performance','The following 3.62KB stylesheet should have whitespace removed: \r\n\r\n`<link rel=\"stylesheet\" type=\"text/css\" media=\"screen\" href=\"screen.css\">`  \n\r',33),(253,12,'HTML5','IsHtml5HasXhtmlCloseTags',NULL,'XHTML close tags \" />\" can be removed from HTML5 document','They are harmless, but if you\'d like to reduce and clean up your code a bit, you can remove XHTML close tags from 2 elements.',5),(254,12,'Script','ScriptTagHasType',NULL,'Type attribute in script element is unnecessary: javascript is always assumed','This is a trivial issue, but if you\'d like to reduce and clean up your code a bit, you can remove \"type=text/javascript\" from 1 elements.',7),(255,13,'HTML','AmpersandUnescapedInLink',NULL,'Ampersands (&) in links need to be converted to \"&amp;\" when written in HTML','When we write links in the body of our HTML document we need to convert \"&\" to \"&amp;\". (It is not necessary to do this otherwise: for example, when pasting into emails or browser location bars.) As attribute values for \"src\" and \"href\", plain ampersands are invalid. An unescaped ampersand was found here:\r\n\r\n`http://www.google.com/url?sa=t&rct=j&q=whine-o-meter&source=web&c d=2&ved=0CCIQFjAB&url=http%3A%2F%2Fitunes.apple.com%2Fus%2Fapp%2 Fwhine-o-meter%2Fid348828301%3Fmt%3D8&ei=kNimTorXJMWwiQLG1pzODQ& usg=AFQjCNGXE2GptBmXYc6QCL4UFraGQkbPXg&cad=rja `\r\n\r\nBrowsers usually interpret links with unescaped ampersands just fine. However, it\'s a bad practice and there are pitfalls. For example, if you wrote a query string like \"?copy1=test&copy2=test\" a browser might interpret this as \"?copy1=test©2.\"',20),(256,13,'HTML','FaviconMissing',NULL,'No favicon included','Favicons are 16x16 pixel images that appear in browsers next to location bars, bookmarks and tabs. They improve the user experience and they are easy to make. To create a favicon you can use an [online tool](http://www.favicon.cc/) or install a [Photoshop plugin](http://www.telegraphics.com.au/sw/). Name the file favicon.ico, put it in your root web directory, and add the following to the `<head>` element of your HTML:\r\n\r\n`<link rel=\"icon\" type=\"image/x-icon\" href=\"/favicon.ico\">`',30),(257,13,'HTML','HasDocumentWrite',NULL,'document.write() should not be used',NULL,9),(258,13,'Filedata','LargeStylesheetNotMinified',NULL,'Minify CSS to improve web site performance','The following 3.62KB stylesheet should have whitespace removed: \r\n\r\n`<link rel=\"stylesheet\" type=\"text/css\" media=\"screen\" href=\"http://www.htmlhive.com/resume/screen.css.pagespeed.ce.1vhJ TeI4P7.css\"> `  \n\r',33),(259,13,'Script','ScriptTagHasType',NULL,'Type attribute in script element is unnecessary: javascript is always assumed','This is a trivial issue, but if you\'d like to reduce and clean up your code a bit, you can remove \"type=text/javascript\" from 1 elements.',7),(260,14,'HTML','AmpersandUnescapedInLink',NULL,'Ampersands (&) in links need to be converted to \"&amp;\" when written in HTML','When we write links in the body of our HTML document we need to convert \"&\" to \"&amp;\". (It is not necessary to do this otherwise: for example, when pasting into emails or browser location bars.) As attribute values for \"src\" and \"href\", plain ampersands are invalid. An unescaped ampersand was found here:\r\n\r\n`http://www.google.com/url?sa=t&rct=j&q=whine-o-meter&source=web&c d=2&ved=0CCIQFjAB&url=http%3A%2F%2Fitunes.apple.com%2Fus%2Fapp%2 Fwhine-o-meter%2Fid348828301%3Fmt%3D8&ei=kNimTorXJMWwiQLG1pzODQ& usg=AFQjCNGXE2GptBmXYc6QCL4UFraGQkbPXg&cad=rja `\r\n\r\nBrowsers usually interpret links with unescaped ampersands just fine. However, it\'s a bad practice and there are pitfalls. For example, if you wrote a query string like \"?copy1=test&copy2=test\" a browser might interpret this as \"?copy1=test©2.\"',20),(261,14,'HTML','FaviconMissing',NULL,'No favicon included','Favicons are 16x16 pixel images that appear in browsers next to location bars, bookmarks and tabs. They improve the user experience and they are easy to make. To create a favicon you can use an [online tool](http://www.favicon.cc/) or install a [Photoshop plugin](http://www.telegraphics.com.au/sw/). Name the file favicon.ico, put it in your root web directory, and add the following to the `<head>` element of your HTML:\r\n\r\n`<link rel=\"icon\" type=\"image/x-icon\" href=\"/favicon.ico\">`',30),(262,14,'HTML','HasDocumentWrite',NULL,'document.write() should not be used',NULL,9),(263,14,'Filedata','LargeStylesheetNotMinified',NULL,'Minify CSS to improve web site performance','The following 3.62KB stylesheet should have whitespace removed: \r\n\r\n`<link rel=\"stylesheet\" type=\"text/css\" media=\"screen\" href=\"screen.css\">`  \n\r',33),(264,14,'HTML5','IsHtml5HasXhtmlCloseTags',NULL,'XHTML close tags \" />\" can be removed from HTML5 document','They are harmless, but if you\'d like to reduce and clean up your code a bit, you can remove XHTML close tags from 2 elements.',5),(265,14,'Script','ScriptTagHasType',NULL,'Type attribute in script element is unnecessary: javascript is always assumed','This is a trivial issue, but if you\'d like to reduce and clean up your code a bit, you can remove \"type=text/javascript\" from 1 elements.',7),(266,15,'HTML','AmpersandUnescapedInLink',NULL,'Ampersands (&) in links need to be converted to \"&amp;\" when written in HTML','When we write links in the body of our HTML document we need to convert \"&\" to \"&amp;\". (It is not necessary to do this otherwise: for example, when pasting into emails or browser location bars.) As attribute values for \"src\" and \"href\", plain ampersands are invalid. An unescaped ampersand was found here:\r\n\r\n`http://www.google.com/url?sa=t&rct=j&q=whine-o-meter&source=web&c d=2&ved=0CCIQFjAB&url=http%3A%2F%2Fitunes.apple.com%2Fus%2Fapp%2 Fwhine-o-meter%2Fid348828301%3Fmt%3D8&ei=kNimTorXJMWwiQLG1pzODQ& usg=AFQjCNGXE2GptBmXYc6QCL4UFraGQkbPXg&cad=rja `\r\n\r\nBrowsers usually interpret links with unescaped ampersands just fine. However, it\'s a bad practice and there are pitfalls. For example, if you wrote a query string like \"?copy1=test&copy2=test\" a browser might interpret this as \"?copy1=test©2.\"',20),(267,15,'HTML','FaviconMissing',NULL,'No favicon included','Favicons are 16x16 pixel images that appear in browsers next to location bars, bookmarks and tabs. They improve the user experience and they are easy to make. To create a favicon you can use an [online tool](http://www.favicon.cc/) or install a [Photoshop plugin](http://www.telegraphics.com.au/sw/). Name the file favicon.ico, put it in your root web directory, and add the following to the `<head>` element of your HTML:\r\n\r\n`<link rel=\"icon\" type=\"image/x-icon\" href=\"/favicon.ico\">`',30),(268,15,'HTML','HasDocumentWrite',NULL,'document.write() should not be used',NULL,9),(269,15,'Filedata','LargeStylesheetNotMinified',NULL,'Minify CSS to improve web site performance','The following 3.62KB stylesheet should have whitespace removed: \r\n\r\n`<link rel=\"stylesheet\" type=\"text/css\" media=\"screen\" href=\"http://www.htmlhive.com/resume/screen.css.pagespeed.ce.1vhJ TeI4P7.css\"> `  \n\r',33),(270,15,'Script','ScriptTagHasType',NULL,'Type attribute in script element is unnecessary: javascript is always assumed','This is a trivial issue, but if you\'d like to reduce and clean up your code a bit, you can remove \"type=text/javascript\" from 1 elements.',7),(271,16,'HTML','AmpersandUnescapedInLink',NULL,'Ampersands (&) in links need to be converted to \"&amp;\" when written in HTML','When we write links in the body of our HTML document we need to convert \"&\" to \"&amp;\". (It is not necessary to do this otherwise: for example, when pasting into emails or browser location bars.) As attribute values for \"src\" and \"href\", plain ampersands are invalid. An unescaped ampersand was found here:\r\n\r\n`http://www.google.com/url?sa=t&rct=j&q=whine-o-meter&source=web&c d=2&ved=0CCIQFjAB&url=http%3A%2F%2Fitunes.apple.com%2Fus%2Fapp%2 Fwhine-o-meter%2Fid348828301%3Fmt%3D8&ei=kNimTorXJMWwiQLG1pzODQ& usg=AFQjCNGXE2GptBmXYc6QCL4UFraGQkbPXg&cad=rja `\r\n\r\nBrowsers usually interpret links with unescaped ampersands just fine. However, it\'s a bad practice and there are pitfalls. For example, if you wrote a query string like \"?copy1=test&copy2=test\" a browser might interpret this as \"?copy1=test©2.\"',20),(272,16,'HTML','FaviconMissing',NULL,'No favicon included','Favicons are 16x16 pixel images that appear in browsers next to location bars, bookmarks and tabs. They improve the user experience and they are easy to make. To create a favicon you can use an [online tool](http://www.favicon.cc/) or install a [Photoshop plugin](http://www.telegraphics.com.au/sw/). Name the file favicon.ico, put it in your root web directory, and add the following to the `<head>` element of your HTML:\r\n\r\n`<link rel=\"icon\" type=\"image/x-icon\" href=\"/favicon.ico\">`',30),(273,16,'HTML','HasDocumentWrite',NULL,'document.write() should not be used',NULL,9),(274,16,'Filedata','LargeStylesheetNotMinified',NULL,'Minify CSS to improve web site performance','The following 3.62KB stylesheet should have whitespace removed: \r\n\r\n`<link rel=\"stylesheet\" type=\"text/css\" media=\"screen\" href=\"http://www.htmlhive.com/resume/screen.css.pagespeed.ce.1vhJ TeI4P7.css\"> `  \n\r',33),(275,16,'Script','ScriptTagHasType',NULL,'Type attribute in script element is unnecessary: javascript is always assumed','This is a trivial issue, but if you\'d like to reduce and clean up your code a bit, you can remove \"type=text/javascript\" from 1 elements.',7),(276,17,'HTML','AmpersandUnescapedInLink',NULL,'Ampersands (&) in links need to be converted to \"&amp;\" when written in HTML','When we write links in the body of our HTML document we need to convert \"&\" to \"&amp;\". (It is not necessary to do this otherwise: for example, when pasting into emails or browser location bars.) As attribute values for \"src\" and \"href\", plain ampersands are invalid. An unescaped ampersand was found here:\r\n\r\n`http://www.google.com/url?sa=t&rct=j&q=whine-o-meter&source=web&c d=2&ved=0CCIQFjAB&url=http%3A%2F%2Fitunes.apple.com%2Fus%2Fapp%2 Fwhine-o-meter%2Fid348828301%3Fmt%3D8&ei=kNimTorXJMWwiQLG1pzODQ& usg=AFQjCNGXE2GptBmXYc6QCL4UFraGQkbPXg&cad=rja `\r\n\r\nBrowsers usually interpret links with unescaped ampersands just fine. However, it\'s a bad practice and there are pitfalls. For example, if you wrote a query string like \"?copy1=test&copy2=test\" a browser might interpret this as \"?copy1=test©2.\"',20),(277,17,'HTML','FaviconMissing',NULL,'No favicon included','Favicons are 16x16 pixel images that appear in browsers next to location bars, bookmarks and tabs. They improve the user experience and they are easy to make. To create a favicon you can use an [online tool](http://www.favicon.cc/) or install a [Photoshop plugin](http://www.telegraphics.com.au/sw/). Name the file favicon.ico, put it in your root web directory, and add the following to the `<head>` element of your HTML:\r\n\r\n`<link rel=\"icon\" type=\"image/x-icon\" href=\"/favicon.ico\">`',30),(278,17,'HTML','HasDocumentWrite',NULL,'document.write() should not be used',NULL,9),(279,17,'Filedata','LargeStylesheetNotMinified',NULL,'Minify CSS to improve web site performance','The following 3.62KB stylesheet should have whitespace removed: \r\n\r\n`<link rel=\"stylesheet\" type=\"text/css\" media=\"screen\" href=\"screen.css\">`  \n\r',33),(280,17,'HTML5','IsHtml5HasXhtmlCloseTags',NULL,'XHTML close tags \" />\" can be removed from HTML5 document','They are harmless, but if you\'d like to reduce and clean up your code a bit, you can remove XHTML close tags from 2 elements.',5),(281,17,'Script','ScriptTagHasType',NULL,'Type attribute in script element is unnecessary: javascript is always assumed','This is a trivial issue, but if you\'d like to reduce and clean up your code a bit, you can remove \"type=text/javascript\" from 1 elements.',7),(282,18,'HTML','AmpersandUnescapedInLink',NULL,'Ampersands (&) in links need to be converted to \"&amp;\" when written in HTML','When we write links in the body of our HTML document we need to convert \"&\" to \"&amp;\". (It is not necessary to do this otherwise: for example, when pasting into emails or browser location bars.) As attribute values for \"src\" and \"href\", plain ampersands are invalid. An unescaped ampersand was found here:\r\n\r\n`http://www.google.com/url?sa=t&rct=j&q=whine-o-meter&source=web&c d=2&ved=0CCIQFjAB&url=http%3A%2F%2Fitunes.apple.com%2Fus%2Fapp%2 Fwhine-o-meter%2Fid348828301%3Fmt%3D8&ei=kNimTorXJMWwiQLG1pzODQ& usg=AFQjCNGXE2GptBmXYc6QCL4UFraGQkbPXg&cad=rja `\r\n\r\nBrowsers usually interpret links with unescaped ampersands just fine. However, it\'s a bad practice and there are pitfalls. For example, if you wrote a query string like \"?copy1=test&copy2=test\" a browser might interpret this as \"?copy1=test©2.\"',20),(283,18,'HTML','FaviconMissing',NULL,'No favicon included','Favicons are 16x16 pixel images that appear in browsers next to location bars, bookmarks and tabs. They improve the user experience and they are easy to make. To create a favicon you can use an [online tool](http://www.favicon.cc/) or install a [Photoshop plugin](http://www.telegraphics.com.au/sw/). Name the file favicon.ico, put it in your root web directory, and add the following to the `<head>` element of your HTML:\r\n\r\n`<link rel=\"icon\" type=\"image/x-icon\" href=\"/favicon.ico\">`',30),(284,18,'HTML','HasDocumentWrite',NULL,'document.write() should not be used',NULL,9),(285,18,'Filedata','LargeStylesheetNotMinified',NULL,'Minify CSS to improve web site performance','The following 3.62KB stylesheet should have whitespace removed: \r\n\r\n`<link rel=\"stylesheet\" type=\"text/css\" media=\"screen\" href=\"screen.css\">`  \n\r',33),(286,18,'HTML5','IsHtml5HasXhtmlCloseTags',NULL,'XHTML close tags \" />\" can be removed from HTML5 document','They are harmless, but if you\'d like to reduce and clean up your code a bit, you can remove XHTML close tags from 2 elements.',5),(287,18,'Script','ScriptTagHasType',NULL,'Type attribute in script element is unnecessary: javascript is always assumed','This is a trivial issue, but if you\'d like to reduce and clean up your code a bit, you can remove \"type=text/javascript\" from 1 elements.',7),(288,19,'HTML','AmpersandUnescapedInLink',NULL,'Ampersands (&) in links need to be converted to \"&amp;\" when written in HTML','When we write links in the body of our HTML document we need to convert \"&\" to \"&amp;\". (It is not necessary to do this otherwise: for example, when pasting into emails or browser location bars.) As attribute values for \"src\" and \"href\", plain ampersands are invalid. An unescaped ampersand was found here:\r\n\r\n`http://www.google.com/url?sa=t&rct=j&q=whine-o-meter&source=web&c d=2&ved=0CCIQFjAB&url=http%3A%2F%2Fitunes.apple.com%2Fus%2Fapp%2 Fwhine-o-meter%2Fid348828301%3Fmt%3D8&ei=kNimTorXJMWwiQLG1pzODQ& usg=AFQjCNGXE2GptBmXYc6QCL4UFraGQkbPXg&cad=rja `\r\n\r\nBrowsers usually interpret links with unescaped ampersands just fine. However, it\'s a bad practice and there are pitfalls. For example, if you wrote a query string like \"?copy1=test&copy2=test\" a browser might interpret this as \"?copy1=test©2.\"',20),(289,19,'HTML','FaviconMissing',NULL,'No favicon included','Favicons are 16x16 pixel images that appear in browsers next to location bars, bookmarks and tabs. They improve the user experience and they are easy to make. To create a favicon you can use an [online tool](http://www.favicon.cc/) or install a [Photoshop plugin](http://www.telegraphics.com.au/sw/). Name the file favicon.ico, put it in your root web directory, and add the following to the `<head>` element of your HTML:\r\n\r\n`<link rel=\"icon\" type=\"image/x-icon\" href=\"/favicon.ico\">`',30),(290,19,'HTML','HasDocumentWrite',NULL,'document.write() should not be used',NULL,9),(291,19,'Filedata','LargeStylesheetNotMinified',NULL,'Minify CSS to improve web site performance','The following 3.62KB stylesheet should have whitespace removed: \r\n\r\n`<link rel=\"stylesheet\" type=\"text/css\" media=\"screen\" href=\"http://www.htmlhive.com/resume/screen.css.pagespeed.ce.1vhJ TeI4P7.css\"> `  \n\r',33),(292,19,'Script','ScriptTagHasType',NULL,'Type attribute in script element is unnecessary: javascript is always assumed','This is a trivial issue, but if you\'d like to reduce and clean up your code a bit, you can remove \"type=text/javascript\" from 1 elements.',7);
/*!40000 ALTER TABLE `TestResult` ENABLE KEYS */;
UNLOCK TABLES;

--
-- Table structure for table `newsletteremail`
--

DROP TABLE IF EXISTS `newsletteremail`;
/*!40101 SET @saved_cs_client     = @@character_set_client */;
/*!40101 SET character_set_client = utf8 */;
CREATE TABLE `newsletteremail` (
  `id` int(11) NOT NULL AUTO_INCREMENT,
  `email` varchar(255) NOT NULL,
  `ip` varchar(16) DEFAULT NULL,
  `environment` varchar(255) DEFAULT NULL,
  `created` datetime NOT NULL,
  PRIMARY KEY (`id`),
  UNIQUE KEY `UNIQ_FB3605EEE7927C74` (`email`)
) ENGINE=InnoDB AUTO_INCREMENT=25 DEFAULT CHARSET=latin1;
/*!40101 SET character_set_client = @saved_cs_client */;

--
-- Dumping data for table `newsletteremail`
--

LOCK TABLES `newsletteremail` WRITE;
/*!40000 ALTER TABLE `newsletteremail` DISABLE KEYS */;
INSERT INTO `newsletteremail` VALUES (1,'elli@mycutegf.com',NULL,NULL,'2012-04-05 08:57:09'),(3,'elli@cutecute.gf',NULL,NULL,'2012-04-05 09:00:00'),(4,'ann@bhnc.com',NULL,NULL,'2012-04-05 09:09:57'),(6,'',NULL,NULL,'2012-04-05 09:50:04'),(8,'hey@hey.com',NULL,NULL,'2012-04-05 09:57:27'),(10,'sharleen@bhnc.com',NULL,NULL,'2012-04-05 14:49:18'),(11,'test@test.com',NULL,NULL,'2012-04-05 14:50:02'),(12,'j@ro.com',NULL,NULL,'2012-04-05 15:02:09'),(14,'a@ro.com',NULL,NULL,'2012-04-05 15:02:54'),(16,'s@ro.com',NULL,NULL,'2012-04-05 15:12:16'),(17,'m@ro.com',NULL,NULL,'2012-04-05 15:14:44'),(18,'j@jro.com',NULL,NULL,'2012-04-06 11:44:02'),(19,'a@aro.com',NULL,NULL,'2012-04-06 11:52:34'),(21,'x@ro.com',NULL,NULL,'2012-04-06 12:39:50'),(22,'sdf@jfls.com',NULL,NULL,'2012-04-06 13:06:38'),(24,'yoyo@ma.com',NULL,NULL,'2012-04-15 19:12:58');
/*!40000 ALTER TABLE `newsletteremail` ENABLE KEYS */;
UNLOCK TABLES;
/*!40103 SET TIME_ZONE=@OLD_TIME_ZONE */;

/*!40101 SET SQL_MODE=@OLD_SQL_MODE */;
/*!40014 SET FOREIGN_KEY_CHECKS=@OLD_FOREIGN_KEY_CHECKS */;
/*!40014 SET UNIQUE_CHECKS=@OLD_UNIQUE_CHECKS */;
/*!40101 SET CHARACTER_SET_CLIENT=@OLD_CHARACTER_SET_CLIENT */;
/*!40101 SET CHARACTER_SET_RESULTS=@OLD_CHARACTER_SET_RESULTS */;
/*!40101 SET COLLATION_CONNECTION=@OLD_COLLATION_CONNECTION */;
/*!40111 SET SQL_NOTES=@OLD_SQL_NOTES */;

-- Dump completed on 2012-04-24 10:21:26
